cookie_id,score
ck_315fb710a0e371e7,0.05260745569362396
ck_a76ee3b3e3e522fd,0.8310755754736199
ck_94c9a4d382689e82,0.4439295172132817
ck_8eaf9509ad9462a0,0.08499694438785904
ck_9a88a5a989cb5bc6,0.2173049500916684
ck_15239ef0689c1a35,0.7449582399674068
ck_8de69cd219d3b87f,0.9336932165410471
ck_f92cd37022b0ce21,0.4354247300875942
ck_1a3ff7620580a514,0.40379914442860054
ck_397c03aa33a57310,0.9062945610103891
ck_a7cf6c3b322f6b7a,0.19143410063149316
ck_c39a9e75760e3201,0.23828682012629865
ck_88ab6d245228c38e,0.04669993888775718
ck_17733f75ebdea93e,0.13546547158280708
ck_58eb871e8d7bed52,0.6234467304950092
ck_e55b7fa67db1ec27,0.21811977999592586
ck_62f5cfe22c952694,0.36280301487064576
ck_7fbb709a0fe95759,0.07689957221430027
ck_87abe9cd066a20fb,0.5941637808107558
ck_d58e058b5c553dd5,0.24694438785903444
ck_d27b872648b71202,0.3569464249337951
ck_4b4a3c5b95c55b43,0.014565084538602568
ck_66dd4f4b4127256d,0.23248115705846406
ck_93cc12703b500613,0.8869423507842737
ck_d28806a2179092eb,0.9986249745365655
ck_0595c2a0c7881e05,0.4669993888775718
ck_50087d8666191144,0.9242208189040537
ck_b08b3f089138c901,0.4292116520676309
ck_fe3b67041dad2dd1,0.09085353432470972
ck_8449a28f7d475d93,0.5272968017926258
ck_8642e3b6d84f49d3,0.4920044815644734
ck_e49b5e4f2f2e79db,0.9510083520065187
ck_437afe412ea4259c,0.8205337135872887
ck_569b83668d74042d,0.964351191688735
ck_233a487d31c3e631,0.9941943369321654
ck_1fca72e03143a645,0.9685781218170706
ck_79205e31223df2ad,0.5891220207781626
ck_9625a64406ea16e3,0.31574658789977594
ck_079bd18dacb704a8,0.8931554288042372
ck_4db6d4fd2b49aa81,0.7542269301283357
ck_0dbefdac0a1868fb,0.054033408026074564
ck_24ff97ad90bdd69a,0.7700651863923407
ck_77f8c5042065d506,0.2199022204114891
ck_f11be8ce05382cec,0.3507842737828478
ck_c9d72140b0389216,0.40150743532287636
ck_69eda24e931fb36a,0.12191892442452637
ck_ed471e496916ee15,0.08204318598492566
ck_ff090498c4b17ac3,0.5645752699124058
ck_c3c19d6a0720915c,0.09222855978814423
ck_af02e1817cfa40b5,0.39447952739865555
ck_2df5a9fc87553eb1,0.2852413933591363
ck_4ac918e884cff336,0.649623141169281
ck_ca149244b54ef3ad,0.048533306172336525
ck_6babe5b8674ff51f,0.7015685475656956
ck_1573878386886290,0.3137604400081483
ck_3925f8565abb7fe4,0.12471990222041149
ck_c4de808ae69c771f,0.013699327765328987
ck_a777c813551281fe,0.20722143002648197
ck_df4424f6dd85080d,0.7452638011815034
ck_85e5494ec20383ae,0.4609900183336728
ck_f71a4094e889c3af,0.13612752088001628
ck_f2f3cf9cd23b2809,0.6527806070482787
ck_18e2076397bcc211,0.6889386840497047
ck_c9f9fddef39bc664,0.7450091668364229
ck_7e826e233d6ea028,0.20365654919535547
ck_62fd7eb46bee9210,0.33301079649623144
ck_206f8e3cd72768f3,0.5527602363006723
ck_aa295a11b0a6ab36,0.39361377062538194
ck_9a56739d81f84a53,0.13561825218985538
ck_aa075c418ed9fe5a,0.4189753513953962
ck_62b9fb3db284941b,0.1597575881034834
ck_f4f83b1403ebea46,0.6295579547769403
ck_16b66bd803288bc3,0.9121002240782237
ck_c4ca1434f3778f1d,0.9905276023630067
ck_1b823610371a29c0,0.362955795477694
ck_c2bd5a722aa637d9,0.2456712161336321
ck_7890208951df34f0,0.37553473212466904
ck_020eb0e454524ecd,0.24633326543084133
ck_3b66196ccf436c35,0.5459360358525158
ck_109fc467ec0a4af5,0.7973110613159502
ck_f3dcd818db92de7b,0.5591770217966999
ck_31e7742f160980ef,0.676003259319617
ck_77fce5f86f00b8f4,0.9096557343654512
ck_46bc797b4d07d607,0.04710735383988592
ck_37899b1b571b1c6b,0.23793033204318598
ck_ef8a6af43fedd464,0.07078834793236913
ck_bcc8519fe8521038,0.7753106539009982
ck_90696b7182dd9129,0.395294357302913
ck_4a24ad61d017e1ba,0.6834385821959665
ck_0acc3d8c67218b9d,0.17753106539009983
ck_05c97fc9de11aba6,0.7778569973518028
ck_f8ac3a0500c0ec62,0.6326644937869219
ck_617b65141f546a1c,0.2651252800977796
ck_9d00823bf60388d7,0.7431248726828275
ck_123c15d93f1840f2,0.8330617233652475
ck_573feefba6bf78bb,0.8247097168466082
ck_b25657bd16739036,0.3509370543898961
ck_bd26d2bef14a8597,0.3595946221226319
ck_a553418f2fba1440,0.5868812385414545
ck_89f3e380b0686963,0.35159910368710534
ck_b359192aa659bdce,0.5933489509064982
ck_02241f3dc301bebf,0.4942452638011815
ck_5ccc1a1c78cb33ee,0.6597575881034834
ck_349cc5edda1b8853,0.6642391525768996
ck_e9f228845bf6e28b,0.7874312487268282
ck_0a45d033d4e280ea,0.6165716031778367
ck_7e63168dda612235,0.2693012833570992
ck_676fa5f6aae5475b,0.5474638419229986
ck_74b502b20690ccfe,0.5692096149928703
ck_073509af21dd7f5f,0.9313505805663068
ck_498a0acd450944d8,0.15196577714402118
ck_7f15b50b29dead01,0.476420859645549
ck_8089fe7403c5f537,0.47723568954980644
ck_05b2b04e11d9ae9c,0.3412609492768385
ck_31e70f2f04b48b88,0.10383988592381341
ck_994316fa5a02b319,0.17437359951110204
ck_b76510998b9a2260,0.3080566306783459
ck_4db95c310e105d30,0.21613363210429823
ck_6f730b77dc6cdb84,0.1475860664086372
ck_2493ee8e7b91d304,0.6930637604400082
ck_92d679d6ac7dcdcb,0.7401711142798941
ck_3a0e0200cbb185cb,0.2572316154002852
ck_0b2eeb4e00ff7955,0.47805051945406396
ck_9843d0e61c37ebe8,0.994550825015278
ck_e61c8721e3ef1921,0.26033815441026686
ck_2e0eedaaf2980c2c,0.28564880831126505
ck_9036b2e5e9298a34,0.1325117131798737
ck_3265442528d51728,0.3675392136891424
ck_f2ddae2eb1cb29b4,0.21526787533102465
ck_6cfa71d27fc27f92,0.3992157262171522
ck_f3199fbe84a28b9a,0.7336015481768181
ck_b78d785ca3ef773a,0.29491749847219395
ck_374865697f1480eb,0.6295070279079242
ck_06d0e4a9189302a9,0.39417396618455897
ck_9c9884b9bcaa552e,0.8655530657975148
ck_fd4cf578e87703ff,0.5216439193318395
ck_1917ef3e6e345549,0.8377469953147281
ck_e70418b00cbbbac9,0.5952332450600937
ck_a60388296a47062c,0.6108677938480342
ck_d598fe8d2c779ab9,0.7042167447545324
ck_646dc03de4c31803,0.968221633733958
ck_e4fd8cbd842b6993,0.3145752699124058
ck_2225b555aa2a42ed,0.8116724383784886
ck_6be8ae9d78148882,0.31192707272356895
ck_4199342d3aca74e8,0.6503361173355062
ck_779581adb573261f,0.8199225911590955
ck_bb303568b6915205,0.8945813811366876
ck_17c4296276448afe,0.5173660623344877
ck_a60a61ac829252a0,0.2557547361988185
ck_6ea70950c1cae00b,0.9714809533509879
ck_1abb93f6924645e1,0.32562640048889796
ck_faab769cce19879a,0.7085964554899165
ck_d5b8e74e7ca6355a,0.6862395599918517
ck_f11f7691af16ad07,0.212161336321043
ck_188fdf2be7c92e9d,0.9937869219800367
ck_4a103f8254b366f7,0.5437971073538399
ck_bfa17a0b1760e616,0.07287634956202893
ck_a4d7f6a5869d440a,0.9749439804440823
ck_58e20f5a3e7f11b8,0.9523324506009371
ck_4becdd3d2696c7ba,0.27408840904461196
ck_dad5cf32ab9f243f,0.31854756569566106
ck_7d9f73dc7c4f90c3,0.807038093298024
ck_c19371047a2d011d,0.1109696475860664
ck_247589ff532f7aa8,0.40670197596251784
ck_7a9f241d5f082567,0.04736198818496639
ck_0a2b7078736b4dda,0.4549806477897739
ck_687b412e2aac7eb6,0.6277245874923609
ck_fce0b6855886a0b8,0.5439498879608882
ck_e291cc60920456d0,0.8803218578121816
ck_04219a7ea798db51,0.8210939091464657
ck_286bfd719836e9f3,0.8477286616418822
ck_55efc92394fee232,0.2064575269912406
ck_e36c8da1bd359960,0.7446017518842942
ck_34b0988a97d96902,0.28249134243226726
ck_e0fb11fc9dcb34e6,0.5327459767773477
ck_bcc9cbc9ed8b7c31,0.3867386433082094
ck_3df8da6f60a89a5b,0.7227541250763903
ck_b1495ee5c59a6b28,0.4587492360969648
ck_58f4c3ac61fda129,0.758759421470768
ck_735f244b99e3aa8d,0.3501222244856386
ck_6b93bd8abf87b1d6,0.9522305968629048
ck_12107dacc6d05bd1,0.077306987166429
ck_f96db2a1f3448d1f,0.4269708698309228
ck_8fd91a3c99e19097,0.7300366673456916
ck_910205d25388a0ae,0.016805866775310655
ck_d229dfa0e4442628,0.1182521898553677
ck_7cdec61e1c488798,0.834436748828682
ck_f66f06e24ff32671,0.5677327357914036
ck_350bf14e90b503f5,0.2813200244448971
ck_61fff5fdaadd394b,0.20915665104909348
ck_e934f984bad2ff91,0.9549806477897739
ck_ff6a6d3547dd2d37,0.5949276838459971
ck_65ad9b15979e3247,0.6251782440415563
ck_bbe1a2ea5a403ad8,0.9177021796699939
ck_6f3a28eecd2c4031,0.2924730087594215
ck_a89b66665714058f,0.4891525768995722
ck_918c92182b6817cd,0.6570075371766144
ck_64f5eb4be9e7b8fa,0.9008453860256671
ck_d021fd497ea35fb2,0.3728865349358322
ck_004de16f7d8a42ae,0.5477694031370951
ck_a33d2325f86ab12d,0.29267671623548586
ck_89790ff26c844bc6,0.17488286820126298
ck_e6e7257377c37b28,0.758759421470768
ck_a2cc3910a641a808,0.9564066001222244
ck_646e270e0195bf05,0.4916989203503769
ck_baba5d66def0d770,0.8810857608474231
ck_67cdcdda3033842d,0.7594214707679772
ck_b5c3075c811a2216,0.7241800774088409
ck_515379973a8044b8,0.31737624770829087
ck_c0ce85fb4109567d,0.8047463841922998
ck_fef850553862aaca,0.08509879812589123
ck_55d7217b0aff9fa2,0.26385210837237727
ck_8e139f8925ef7968,0.345946221226319
ck_9e35b908fca1e4d7,0.10872886534935831
ck_59735f4ab2ad3da5,0.2618150336117335
ck_dc569c1167ccec0d,0.9363414137298839
ck_1dade5592f90a15c,0.7619168873497657
ck_793048d11fb8b328,0.8105520472601344
ck_545b71eb4fa594b5,0.4377164391933184
ck_bd30853e9a57b544,0.51863923405989
ck_59f46321ecf6d306,0.5210837237726624
ck_260cfe9141d249f1,0.791658178855164
ck_3365a0ad1a8aa83c,0.3065797514768792
ck_b0ef193195a2138b,0.5700244448971277
ck_0f909705e2e60f2f,0.19306376044000817
ck_5a540b75c866166a,0.48472193929517216
ck_87c26b2f41025109,0.9817172540232226
ck_27acc9f320cda104,0.8921368914239153
ck_a27bc31eecd9cb9a,0.5560195559177021
ck_115d86fabde77b65,0.12212263190059075
ck_eeca179341d56f8a,0.9410266856793644
ck_8e5999c436cf037e,0.09956202892646161
ck_510e7c5df1f95d90,0.9933795070279079
ck_f1acf73363925958,0.4319107761254838
ck_3c177f5970b68bd3,0.28921368914239154
ck_9cdfaa1c30cc9d32,0.03697290690568344
ck_c8efa1538b37c359,0.312487268282746
ck_a8a2e296f9804bd7,0.5461397433285802
ck_91a0ca45f429568d,0.5719087390507231
ck_5fdf8a0bdbd3ed62,0.6857302913016907
ck_0f4e2ec66d50da5f,0.1368914239152577
ck_28c53b214b2ee882,0.9099612955795477
ck_003148504557f720,0.839885923813404
ck_01d840cffb870615,0.9392951721328173
ck_555848d51f4b5f35,0.5636076594011
ck_df20cc23b8fb8e22,0.29761662253004684
ck_f9604adde929beff,0.22652271338358118
ck_d66952b03591bdec,0.27994499898146263
ck_ddcac1ab765ff61a,0.7057445508250153
ck_347386629d96c664,0.4016602159299246
ck_ab01db9117acfe3d,0.2221430026481972
ck_58e5359efc52e0ad,0.19454063964147483
ck_1a524b5cc8da71b3,0.8129456101038908
ck_e9287b6d909d731f,0.09574251375025464
ck_bb41a66e3d90263b,0.8913729883886738
ck_e95c8cc1864bd584,0.20085557139947036
ck_7a3f2961e9a8b6dc,0.30693623955999183
ck_378a9df82b1e0bee,0.9156651049093502
ck_42633573639a3f02,0.9911387247911998
ck_2a5a4c18c2c7274b,0.5317783662660419
ck_77549c1a41f837c3,0.5623344876756977
ck_a26704b5b26258b7,0.4043084131187614
ck_9874ad160efddf50,0.22382358932572827
ck_9111e3a04b14dfba,0.716031778366266
ck_651e076ee43aea85,0.2708800162965981
ck_391639c0f13932f3,0.05107964962314117
ck_02dbabda93c8c13d,0.3202281523731921
ck_0adcb1fffcb0a34b,0.7201568547565695
ck_7a43ef9c7b1c67b5,0.07781625585658994
ck_4b9dd69946438d0b,0.4492259115909554
ck_90bf017cdd37b66e,0.8114687309024241
ck_61c74163eb36556e,0.631544102668568
ck_13376c59b5bd6943,0.08688123854145446
ck_62337eccb1672737,0.3898451823181911
ck_16077934338472bf,0.10664086371969851
ck_0d4dfd93086e7330,0.27403748217559587
ck_3865b7525b910893,0.5745060093705439
ck_7e2ae8b69ebd5675,0.24261560399266655
ck_b4384b6c11766ce7,0.08932572825422692
ck_3d7fa32dfb9fc692,0.8696272153188023
ck_f4a6a7cadd6e0603,0.8207883479323692
ck_212525e2828a6c45,0.4119474434711754
ck_33ad8d53394ba77a,0.891474842126706
ck_a5051eafe8b51224,0.25
ck_f65e5ff7da565f91,0.2627826441230393
ck_5c37f7563fa7591d,0.4408229782033001
ck_f1e0a006068aff29,0.618455897331432
ck_c646cdead6fb79d0,0.43863312283560807
ck_f8b3cdffef535330,0.8451313913220615
ck_e5cdbe3aa12c97f6,0.46883275616215114
ck_986e4e61440506d0,0.8260847423100428
ck_6da9c5912e15d9a8,0.525768995722143
ck_51d842e6dae74c71,0.4811061315950296
ck_5fc65c24e0736d5d,0.9565084538602566
ck_babb95a76c69509d,0.8183947850886127
ck_86a2d852a9715432,0.6284375636585863
ck_db4083a0d043def8,0.8989610918720716
ck_96953b8945b7d403,0.42625789366469746
ck_7831ca5c31fb3859,0.8189040537787737
ck_60ac5e5f375daa38,0.13633122835608066
ck_05d44eb1f5f085ce,0.7246893460990018
ck_432cc19c7eeaa46e,0.5859136280301487
ck_7fc513033af061af,0.8988592381340395
ck_ada6ede84c111719,0.41143817478101447
ck_6343e0d3b1c2962b,0.5588205337135873
ck_010264ae04f2e902,0.8865858627011611
ck_e9dcf535f8c289eb,0.8338765532695049
ck_37143d9cc296e6fa,0.35282134854349156
ck_61fa051192f3e810,0.6206966795681401
ck_f9f93d1d41be1468,0.9588510898349969
ck_c4f4f28457be8a74,0.029741291505398247
ck_323a71f9452d21cb,0.9374618048482379
ck_170f4688e0acd875,0.8848034222855978
ck_869b1878d09d230d,0.9033408026074556
ck_2f6b33bf46976229,0.4006926054186189
ck_b11e22e75d9b99de,0.2199022204114891
ck_123d75ffb75b606d,0.3323487471990222
ck_94295287a04c85d2,0.8947850886127521
ck_1b0434f096795328,0.3120798533306172
ck_0a4e191cd0a57ce1,0.4462212263190059
ck_d2fbd0df99634676,0.6061825218985537
ck_d51df5e9fbbbcc94,0.4826339376655123
ck_2d3d7d64a6f443f8,0.6438174781014463
ck_731943c682c9394e,0.8939702587084946
ck_5ccc0c94e5e1f849,0.36667345691586883
ck_c3476080516db25d,0.4818700346302709
ck_5010ffb1c94187b5,0.01252800977795885
ck_7ef666d67bc70223,0.6915868812385415
ck_c1b493527224a27a,0.11061315950295375
ck_5d1e25d7acc5af9a,0.6016500305561214
ck_ec30b61cbf517db8,0.07903850071297616
ck_79323eb5d2e5efae,0.43511916887349766
ck_4085cd3bf2661518,0.43359136280301486
ck_2ca91214c357c072,0.8554695457323285
ck_7f3132d6be389657,0.817427174577307
ck_e7a6b925c8f39a85,0.6618965166021593
ck_c886adec7bac250a,0.599765736402526
ck_c3f360c2d0ea0a37,0.30367691994296186
ck_a7acd5b015823793,0.2443980444082298
ck_9d64187c0800f84e,0.7459767773477286
ck_5d4ed73b9efd7d11,0.32124668975351395
ck_874eca6776b34dec,0.12380321857812182
ck_96a9221a87be93c3,0.7315644734161744
ck_68dd79a51eabf5e6,0.6180484823793033
ck_8311cb6755b2016c,0.14865553065797515
ck_16fc77b2bcf5ec03,0.952332450600937
ck_ad9e2088a33c8c72,0.05260745569362396
ck_7176bbc97b1e42a1,0.0558667753106539
ck_80dfa54b30f65fff,0.9487675697698106
ck_31c54d540b128843,0.24964351191688733
ck_43ea894480567274,0.724231004277857
ck_9c9e8a38bd5a6c88,0.7645141576695864
ck_1c2dcae19539e148,0.6851191688734977
ck_b0fa8b84e94d8ae0,0.5858627011611326
ck_4ceb43ccd0a81c2f,0.2814728050519454
ck_ba845332b730b596,0.08647382358932573
ck_73d3e8c6077f61e6,0.9006926054186188
ck_b5d0d223ef56473f,0.523018944795274
ck_949f08f8e80e93ea,0.39356284375636585
ck_73de0b49709e5f8c,0.2678244041556325
ck_b5935e9722a39819,0.6605724180077408
ck_96247fee0eb44420,0.2363515991036871
ck_a6def1e4b2d57e0d,0.6823181910776126
ck_aecdc5a96321a2d8,0.6426461601140763
ck_bc61c59970f8de49,0.47718476268079035
ck_c43b4175fc9ac5bd,0.9626196781421879
ck_8ff7a9b23a55fd62,0.5566816052149114
ck_20c99b645f462449,0.3028620900387044
ck_a5ce2ae36fb410d9,0.043389692401711144
ck_96fb9bf556842bbc,0.6985129354247301
ck_b5e4c6dbbed1b773,0.31605214911387247
ck_2085433978e72ea9,0.7767366062334488
ck_2c6b174b063ec637,0.6284375636585863
ck_b20b81b88dabe28d,0.1741698920350377
ck_243c18dbf150831c,0.09620085557139946
ck_2bb6a17e8eee35cc,0.5900896312894683
ck_66147fb994495396,0.8717661438174781
ck_73f124f075ede0fc,0.2698614789162762
ck_2e315f1b1e533dab,0.09905276023630068
ck_16c7bf94ed3e7a6f,0.04272764310450193
ck_4a0eae220a762ac5,0.6219698512935425
ck_dc16f939c2f44ad8,0.8797107353839886
ck_817926b449754917,0.41449378692198
ck_0c0dde42ab64ef87,0.39198411081686696
ck_cb3a40594da6a2ee,0.815848441637808
ck_d0dc156441fcfdcb,0.5138521083723773
ck_66f0945add423e9e,0.1799246282338562
ck_a74f6a3030f5d495,0.5021389284986759
ck_1ae460f331e49ae2,0.5486860867793848
ck_2d177b2f4f0b40c9,0.9017111427989407
ck_92e474e4368c4791,0.44795273986555306
ck_3dee83fa2d109484,0.03671827256060298
ck_80e5ea27848069fe,0.1861377062538195
ck_ed0c4a83701ca230,0.5473619881849664
ck_0b8b7c5c581fd161,0.123905072316154
ck_60bf8a2870956fb1,0.35139539621104093
ck_73a54b56a2bf35fe,0.9600733346913832
ck_2296d7a563424883,0.3233856182521898
ck_bc19c383560c7477,0.5199633326543084
ck_861d8e3d88f1079e,0.7638011815033612
ck_3f090fc96c24eb28,0.30423711550213894
ck_9a6a1f8102febfca,0.7288144224893054
ck_541b6ad5d2fa5a39,0.43578121817070686
ck_a760d38d1bc4de97,0.1633224689346099
ck_7dca4d7ee10b4eeb,0.18079038500712977
ck_15220e78d1545e40,0.28050519454063966
ck_ca24bb0de508efb0,0.2013139132206152
ck_56b389627d8f02c5,0.9767773477286616
ck_48a6754977a44db0,0.05719087390507231
ck_333a43ec339a04cb,0.7018741087797922
ck_f22aacaf86a65d7e,0.8492564677123651
ck_04bd8a1ffaf3ffd8,0.0859645548991648
ck_2737a72de6b700f3,0.8685068242004481
ck_c35e03b0dd0c3454,0.5568853126909757
ck_e0571312f395cd94,0.557547361988185
ck_09fab6b9825001b2,0.1312385414544714
ck_18c3a095606209e8,0.35383988592381344
ck_2a97db9377d01e36,0.2485740476675494
ck_f29dbbfdd2786bd1,0.391474842126706
ck_35d6c510ad29362e,0.921063353025056
ck_5468fa99c945d785,0.48747199022204113
ck_6f8102f62c876cc9,0.553727846811978
ck_91955aab3424ad16,0.11713179873701364
ck_9a43c0c73a39d759,0.812487268282746
ck_60b023af6d1e30bf,0.9542676716235485
ck_9704c5cf8659cedc,0.5077918109594621
ck_7e5f02b51b9f78bf,0.6279792218374414
ck_7d3a88d1aa649708,0.964351191688735
ck_8250eddc1ecb07a0,0.6750356488083112
ck_d979ef95ee44023d,0.484110816866979
ck_5e5461dac83531ac,0.5151762069667957
ck_d1bb8890081e0a31,0.5171114279894072
ck_32246c62640648d9,0.12003463027093095
ck_77a40c7d2f862a32,0.7411896516602159
ck_1c8b94efe9238f5b,0.3418720717050316
ck_eaf3b6d11bc3cb11,0.1427480138521084
ck_a4a7ef3ad799c380,0.4106742717457731
ck_d5bd8f68da073cd8,0.38368303116724384
ck_6e6258227fc8db7f,0.16490120187410878
ck_c35d444e05799db6,0.6733550621307802
ck_74665e1209140ae8,0.46272153188022
ck_353a272478f7e903,0.20151762069667956
ck_a2c9796ea229a4e2,0.27352821348543493
ck_e0171f91cb3411fe,0.7006009370543899
ck_703499f5410280f7,0.30545936035852517
ck_ae3a763997f8f385,0.8439091464656753
ck_f7ff94c3df5ac874,0.6355673253208393
ck_f3c16d8f747db046,0.5790894275819922
ck_7ef019ed77276496,0.028111631696883275
ck_d6a4faadab58a3de,0.6506926054186188
ck_ba7b78d31d74c794,0.37375229170910573
ck_36287d063350ce9d,0.3425850478712569
ck_5177fc7137ff26ce,0.3249134243226726
ck_dfd4e79aaa967b63,0.385414544713791
ck_fb44d15fb93a7157,0.7358423304135262
ck_fca478361870a4ca,0.39498879608881643
ck_e57b94fe57341058,0.3364738235893257
ck_5448c946cc4758fe,0.6418313302098186
ck_c5ece5ffb8800ad4,0.51863923405989
ck_11cb98211b2ed134,0.9730087594214708
ck_f655399ac75c4450,0.37064575269912403
ck_c817259019588d30,0.5375331024648604
ck_8740a14d8096c6e1,0.3991647993481361
ck_0c5ba86f4e05b38d,0.5130882053371358
ck_ccc917533d4b73d4,0.3481870034630271
ck_9eb80edfa43203de,0.1503870442045223
ck_d1a1cf4cf61d6801,0.505449174984722
ck_b17c239f160e6017,0.24719902220411488
ck_410c3e13b48e0415,0.12604400081482992
ck_ab553954435e8854,0.9567121613363211
ck_bdbb4230c91e1604,0.7150132409859442
ck_8fd4937eadd64fb6,0.14936850682420044
ck_e0e90b196bef3c11,0.019097575881034834
ck_3dc4d464386f0eb2,0.7778569973518028
ck_51bbbf8f8e8ad005,0.9993888775718069
ck_c05737ab74cf03c6,0.7946628641271134
ck_dceabbe04d99afc2,0.19184151558362192
ck_5b86fd14e85bc9c7,0.9471379099612955
ck_d4febf0083800424,0.7478610715013241
ck_77d9f86dcf251739,0.4368506824200448
ck_b4dcebc543deaafb,0.5067223467101243
ck_cb856e75c949b0cc,0.13291912813200246
ck_61b067de8ffc1ca1,0.6466693827663476
ck_c0e8560ccfd9dd9d,0.10501120391118354
ck_173e1198c341087b,0.31386229374618047
ck_b4d55bc809000276,0.4463740069260542
ck_839bf139296b5cea,0.7490323894886942
ck_78cd402a2a4f2e35,0.05092686901609289
ck_c2925c50ebacbdba,0.08504787125687513
ck_5e3bc76eddbdb0a6,0.2013139132206152
ck_b7793edca26fc512,0.3376451415766959
ck_d79bdf04d6f31cd5,0.12512731717254022
ck_4b97d19ed946f503,0.6797209207577919
ck_37139b41c5370523,0.8118761458545529
ck_8c346eeefa9ce692,0.35465471582807084
ck_2ab7eddee2d8c49e,0.34614992870238337
ck_29da59ea3bffb9d8,0.8865858627011611
ck_c1d05ef0ec6e4be7,0.34747402729680177
ck_3882423b449f6291,0.9709716846608271
ck_5647030283171ed5,0.9510083520065187
ck_efbdcd9c181e72ca,0.35353432470971685
ck_192fdad892782daf,0.7950193522102261
ck_0bf2e13b9f2601ac,0.7206151965777144
ck_3d6046a533057795,0.5828580158891832
ck_279a1d3a3836e5cc,0.7693012833570992
ck_c375e929becde422,0.5238337746995314
ck_a59e90219939a1f0,0.10399266653086169
ck_4e9fba1ec54c3ff8,0.31635771032796905
ck_bcbd8588a13f5eef,0.20671216133632103
ck_5f9a7ff990341bdd,0.22137909961295577
ck_e0403d507519b7d2,0.22993481360765938
ck_c9490cb61aff5112,0.2778060704827867
ck_41dd44308e6a665a,0.8547056426970869
ck_76c23726cd7ca947,0.34492768384599715
ck_9be551300209fa83,0.3401914850275005
ck_a98848eec6c9581e,0.5912100224078224
ck_61176dafb33b2d8a,0.9307394581381137
ck_92de019e05971ce3,0.7668058667753106
ck_5d644224135d7c65,0.5231207985333062
ck_c767fc454fa215d0,0.33881645956406603
ck_5df85a8924e11f27,0.7561621511509472
ck_da2729307af06ed5,0.6419331839478508
ck_7c6b577174af7a78,0.5617742921165207
ck_893b8afbe11301e1,0.21374006926054184
ck_e06f6fed020ae014,0.48171725402322263
ck_386680372fb54857,0.3372886534935832
ck_7a7f3c4fe0c9d2ca,0.20299449989814627
ck_f908b527c4db422d,0.7244347117539214
ck_ec2eee6a133e9a6f,0.6594011000203708
ck_d98934f9fe0b02b3,0.12909961295579547
ck_398a1ed77b0130e5,0.3720207781625586
ck_d960af7a55b892b1,0.20243430433896925
ck_4637e54a9f79e2e7,0.3023018944795274
ck_02b9f418524f6650,0.6058769606844572
ck_d4b23804cebb045d,0.3504277856997352
ck_35b1939c48182a9a,0.5511305764921572
ck_2dcbb71e39d64305,0.6334283968221635
ck_47a884dec960ff2d,0.3232328376451416
ck_71fd8c346fde5cca,0.7619678142187818
ck_98e1992ac8e7d2de,0.7771949480545937
ck_ae7780327e210522,0.5717050315746588
ck_e6c584b4b1ad6d9d,0.2513240985944184
ck_344b2e326a6c3dcc,0.12945610103890812
ck_9aa899a5230b0963,0.6835404359339987
ck_e48d14d5b70ef5aa,0.44764717865145653
ck_59d380a0973b3951,0.563047463841923
ck_11318f7c041a5ba9,0.5839784070075371
ck_7061786fe2f22f5a,0.5846913831737626
ck_e77529651c416cf7,0.4964351191688735
ck_7f79878197340435,0.18527194948054596
ck_b0a0fb0ee9ebf106,0.2929313505805663
ck_70c7679199776a90,0.43323487471990224
ck_b9facd2210daca5c,0.5436443267467916
ck_9949f53c155b8dde,0.2937971073538399
ck_1c607e24f2c4397a,0.8125891220207782
ck_aefd1ce3ce093cbd,0.21934202485231208
ck_5a29b7018e43280c,0.18211448360154817
ck_69eb0b2ccfbe5f95,0.5122224485638623
ck_fe037765aa465c58,0.6437156243634141
ck_5e512ef5362a3dd6,0.2903850071297617
ck_544a9e80b7fdc279,0.10399266653086167
ck_7825494e654d5695,0.4189753513953962
ck_f1f2c3c623553f0d,0.04919535546954573
ck_52730906e5b461eb,0.9557954776940314
ck_01e0689157fe9617,0.9511102057445509
ck_9da82e567074da9d,0.8687105316765125
ck_6a17384072f904c0,0.5637604400081483
ck_8d84d771a21942a7,0.33046445304542676
ck_39638880292782a7,0.4734161743735995
ck_7d51c86e0eec72ac,0.4440313709513139
ck_45f4c821c70d134f,0.950091668364229
ck_0af3c13ba56ce57c,0.04466286412711347
ck_0789a05e061b2784,0.9015583621918924
ck_6ba091eb42ffa9fb,0.8094825830107966
ck_265accb3c5c32620,0.8626502342635975
ck_179039559ff7566c,0.41882257078834795
ck_17c0a6a92b5765cf,0.38337746995314725
ck_59371c9140239fd7,0.3969749439804441
ck_f9c4f8b4ce2691f0,0.6159095538806274
ck_a2637e4872cf4811,0.896924017111428
ck_1de43fd6c6c22a5f,0.599816663271542
ck_6e4f31bd108571f0,0.2199022204114891
ck_da06d97db0b18851,0.24704624159706662
ck_e0346d5081e640e8,0.7746995314728051
ck_c1c7d4e62c9fcded,0.9242208189040537
ck_2595669e421299f6,0.5804644530454268
ck_3b6057d51fd4c7d6,0.42809126094927685
ck_c5f8ab515840a0fe,0.39009981666327154
ck_435cb24538c6f77c,0.6304746384192299
ck_d84b5403da4cea7b,0.5347830515379914
ck_c2b61a98d1c8f6dd,0.9534528417192911
ck_c9dcd92b2f836b61,0.7019759625178243
ck_9eb5b3f5f672c2b1,0.25916683642289673
ck_e4cf189a8d31649a,0.08912202077816256
ck_6b114f2a48152b96,0.04527398655530658
ck_3fb95862b70f505c,0.6805357506620493
ck_7f780f465c29398e,0.19291097983295988
ck_ee387f9da79e67ea,0.7249949073130983
ck_fa3b1e85d27af2ee,0.7131798737013648
ck_e739eaaa7a1822f2,0.7984314524343044
ck_dfa0ac11fcb1dabd,0.1203401914850275
ck_6e8751b571ea54d1,0.392544306376044
ck_2d695f8358383092,0.6826746791607252
ck_e7dce27edb700f27,0.5012222448563862
ck_e322da8b213eab52,0.1997861071501324
ck_d0b32e039abb8200,0.36876145854552866
ck_b354003302b272ca,0.277398655530658
ck_f7485cba392bc294,0.916683642289672
ck_d6a290ff8362c7b9,0.8358117742921165
ck_c56a44fe315c0389,0.25656956610307596
ck_f77dfe6512eae322,0.35898349969443877
ck_35fe969c58b9e70b,0.6992259115909554
ck_4c518637db2322d5,0.861275208800163
ck_cb61902798ecc4fd,0.8092279486657161
ck_56e6cfa32156a916,0.11799755551028723
ck_343e6ed2b9d35c01,0.4170910572418008
ck_51440f64f7250ad7,0.7982786718272561
ck_295bca29c34cfe2e,0.8609696475860664
ck_dd30558576b45e7b,0.5185373803218578
ck_3a30132a57181fe3,0.6558871460582603
ck_4a733aeb833406f4,0.3255754736198818
ck_1b0b7c3d35ab1259,0.8679975555102872
ck_962c3bbf27cd4b80,0.7030963536361785
ck_9528e1d6b1707870,0.5856589936850682
ck_b3263e7f31aab45f,0.4641984110816867
ck_e69195a3c885053d,0.062028926461601144
ck_a907fa8795cd4baf,0.08010796496231412
ck_205c3405045bd835,0.3681503361173355
ck_e81fc223bed3c46a,0.7114992870238338
ck_363751deae40edfb,0.7934915461397434
ck_6176baea8cbebbb6,0.530148706457527
ck_633e6579f5c74a5c,0.9575269912405785
ck_ddc11fc481eef58d,0.647993481360766
ck_e975002c979e12c7,0.836626604196374
ck_8e039b23acaaac00,0.7788755347321247
ck_1d6990d94a4d2ad6,0.7837135872886535
ck_e7b583acaa3171a2,0.7925748624974537
ck_c0133f60d39b2fb5,0.43476268079038505
ck_7d6bff85e7a694bc,0.19362395599918517
ck_d305b4d82f63f647,0.2191383173762477
ck_22bd0fc71f95e048,0.7063556732532084
ck_9a65fcfc7916f93f,0.11351599103687104
ck_d61c837b0106085a,0.6500814829904258
ck_be86a1db08dea456,0.6404053778773682
ck_90489c405e6886d8,0.06340395192503565
ck_0add2c321d579d75,0.7428193114687309
ck_482dea6eed92cbbc,0.5295375840293339
ck_c24b47184534cc2c,0.9914442860052964
ck_fa04ac31e596e7d6,0.8377469953147281
ck_084322dc5a3a86f0,0.41306783458952945
ck_ccb72a33cc1877b7,0.5317274393970259
ck_afaf374009d3b248,0.32318191077612546
ck_b53084ffede19a8e,0.07145039722957833
ck_4760216154c8cac2,0.9546750865756773
ck_37ad3a65db673e70,0.3380525565288246
ck_0c2932cc0d553694,0.35933998777755144
ck_86b853c52f20fef5,0.3959054797311061
ck_38703b7546d35a80,0.6360765940110003
ck_218b7e6e6dbd2da0,0.15471582807089018
ck_402db4184982fdf5,0.4951619474434712
ck_f917c82af80e4a79,0.6176410674271746
ck_3c6417a233c68c73,0.7063556732532084
ck_98068c397d70dd3a,0.6430026481971889
ck_b1cbd6679c0f8d95,0.15441026685679365
ck_9e962f9bb0e7bac2,0.5259727031982073
ck_b08247c3ad567d92,0.9358321450397229
ck_3ef7a03ebb81cfe3,0.027347728661641882
ck_5d7ae0e3562e99bf,0.803778773680994
ck_c91a628236baf91b,0.8531778366266043
ck_7f8e816ca51755e3,0.9514157669586474
ck_5aadd286d188f5c3,0.19408229782032999
ck_a037aff5f8128c73,0.4244245263801182
ck_5df6529ce8290906,0.5948767569769811
ck_5f3609511443e5a8,0.09406192707272357
ck_a6f61864fac3c8fb,0.5538297005500101
ck_2733fc6ba23ae46e,0.7821348543491546
ck_22bfb9246646eb41,0.9660827052352821
ck_bfc2a57d8fd1610c,0.9240680382970055
ck_49839e761d0e74e9,0.2464860460378896
ck_aa4ba931dd37481d,0.13694235078427378
ck_2f9fa0d61829f815,0.7175595844367488
ck_5b82c774df10d49b,0.10399266653086169
ck_411219470d0a195c,0.5451212059482583
ck_d07485ba10514a2d,0.9143410063149318
ck_219bef979ee21bdf,0.30337135872886534
ck_eb1006e7285184a6,0.8135058056630678
ck_fd242b18575e3063,0.7778060704827867
ck_95188150ff059c70,0.7648197188836829
ck_a9ca2f447b984a6a,0.7256569566103076
ck_2dd39723c4088b64,0.6104603788959055
ck_aa2b4c662ff213b6,0.5294357302913018
ck_1867b1199c864db5,0.8464045630474639
ck_850ec97a5a0dab9a,0.5353432470971685
ck_562320295fa35875,0.21506416785496027
ck_bab5759b07fe2bea,0.47260134446934204
ck_b9f1465d803e57b2,0.8304135261764107
ck_8f21f2690c32c691,0.6516602159299246
ck_df87d6f61a63eb21,0.3310755754736199
ck_770475876d0e7e6a,0.1812487268282746
ck_b4c014d5c0cc9eb2,0.30591770217967
ck_3add4d23124c9290,0.22799959258504787
ck_bce5b7fecfb6264d,0.8785394173966184
ck_604c17cb97dc89be,0.4761152984314524
ck_e52cbcd9aafd26b2,0.26675493990629456
ck_0ac9114076f5bf3d,0.3959564066001222
ck_dcc125b178b79566,0.10867793848034224
ck_4e333c09f0c37dee,0.40502138928498677
ck_ff7e31ff8ba731e5,0.4388877571806885
ck_8d0532d24f1070d1,0.0651863923405989
ck_3689fa41748a6f6b,0.8233346913831738
ck_7509eb97c1948b16,0.28850071297616625
ck_a9161cf1ca22a6bf,0.49628233856182524
ck_bed3e3db135b782e,0.6951008352006518
ck_9040edd974ef8e3f,0.9609900183336728
ck_fac32d76ed40f683,0.6368914239152577
ck_3d7b1078e2d57c69,0.45116113261356694
ck_dae09c4e074af5dd,0.37925239356284374
ck_fd84507228467b40,0.8094316561417804
ck_e2a2ce9b8cf44c63,0.3709003870442045
ck_cbe716f351d660d4,0.6308820533713587
ck_cba4162ef29a6d27,0.5309126094927683
ck_4f1e962ff8a29732,0.19454063964147483
ck_39a81899dded61e4,0.5115603992666531
ck_25382331551d22a5,0.7761254838052556
ck_6d64e1c07b19856e,0.42136891423915257
ck_165a868bdef28ad3,0.6943369321654105
ck_88774ae52e30e877,0.6737115502138928
ck_fc7a9d0643570053,0.021542065593807294
ck_c2017120b3b88a46,0.18949887960888165
ck_d115ac6b9fd62a7e,0.3981971888368303
ck_439cf7d51ec7de0f,0.427072723568955
ck_2468a7e9e68a0927,0.3934100631493176
ck_7c418947124dee8f,0.8227744958239968
ck_fb0cf32c4a56f740,0.5440008148299043
ck_694eb6c43193afd4,0.42676716235485845
ck_993beb188dd4abb6,0.3965675290283154
ck_77fa39d3b733c226,0.8719189244245263
ck_49969a9abc47cb69,0.57781625585659
ck_d3f44bbe2f7e9b2d,0.5542371155021389
ck_fcf5b8216d0c18ef,0.037125687512731716
ck_daefe1e2d2bc362d,0.461601140761866
ck_9c9287cb28950eb6,0.6389284986759014
ck_c1d1a625b885a975,0.6577714402118557
ck_71b37fe47490b4ba,0.5425239356284376
ck_5d16e257c0635f7e,0.9330820941128539
ck_15918075563eb074,0.10496027704216745
ck_9a15fdefc47e8d11,0.7310552047260135
ck_6f04d047d1dde75e,0.24974536565491953
ck_1af2c0b3b8d202c1,0.38429415359543695
ck_174be2231c5fd2b6,0.014666938276634754
ck_bb0713a2a1d65982,0.44830922794866573
ck_0daec63bd5b0729d,0.6632206151965777
ck_c0b5cc3e8ad2ff44,0.806477897738847
ck_35bee1fc12664644,0.8780810755754735
ck_a1c7cf63467df4c2,0.07761254838052556
ck_ecb1e15f0b185ceb,0.8559788144224894
ck_f280d31f54a4710a,0.7076797718476269
ck_30f4b2ee8abe1342,0.7887044204522305
ck_66bed631354de5b7,0.4497861071501324
ck_c2d3ecd7278eba2c,0.3023018944795274
ck_e901dec0e09eccbb,0.13770625381951518
ck_5d038ecb3c8748a3,0.2924730087594215
ck_283c5bea94b21e80,0.2507639030352414
ck_7956c251b85f009e,0.9598696272153189
ck_9f5f81d771146aa1,0.021745773069871664
ck_9323e6fc1e168eda,0.961091872071705
ck_10495d3a635b8d69,0.7811672438378489
ck_1982d571cd36eb0c,0.47580973721735587
ck_4f5d7985bcc2eda4,0.19224893053575065
ck_7df526b2b4410bb4,0.705591770217967
ck_dbb498b1a346a402,0.11412711346506416
ck_ef059997563e3330,0.43613770625381953
ck_02ec4e06709e6b82,0.35725198614789166
ck_9782c86ba6485f88,0.21536972906905685
ck_d69de468b44143ca,0.33912202077816256
ck_6430a8792f400e0a,0.3655530657975148
ck_8285bd3c90af94f6,0.5280097779588511
ck_985c9ca112000e9a,0.6495212874312488
ck_e679fbf4f4f4aa07,0.14397025870849461
ck_016e8c8eaf9d511b,0.7740374821755959
ck_bc996c523944644b,0.741240578529232
ck_5b8315726f6204e0,0.5194540639641475
ck_78181f8e998e442f,0.28722754125076394
ck_71c68dfd011dbbbe,0.952841719291098
ck_db32c95ce2b6f502,0.9554899164799349
ck_755010362a9b1bc4,0.28126909757588103
ck_114141d85256c9ff,0.10073334691383173
ck_9d1a5cf5a3b87e48,0.5369729069056834
ck_ab640420858ab5c4,0.8413118761458545
ck_97a8dac48dd62488,0.8859238134039519
ck_879cc3166fe1bada,0.02184762680790385
ck_b0ed11080076e381,0.24760643715624364
ck_7334a9ec656263b2,0.3172234671012426
ck_6494f0ef13ce44d9,0.5838765532695049
ck_724e459b9ece38f4,0.7072723568954981
ck_7fd8b1470401695f,0.9390914646567529
ck_292f81186358b0fa,0.45599918517009574
ck_fa7de64d37287615,0.6689244245263801
ck_d00e09e66ed6458b,0.8954980647789774
ck_b8d210e741be186e,0.36850682420044817
ck_3db59982cbae4410,0.676003259319617
ck_69887d0a9aaca6df,0.08733958036259931
ck_4feb21e2fb0b3977,0.36443267467916074
ck_08c6cc1e143475e3,0.16734569158688123
ck_fe6e168cdbb46b9a,0.8590344265634549
ck_07f1734be7fac56a,0.7618659604807496
ck_d66d59981307db93,0.6286412711346506
ck_f928dba0d587d7c1,0.1575168058667753
ck_786448fe3004cbd0,0.1895498064778977
ck_29ea329fa40ace62,0.6080668160521492
ck_7ea52b6f27edcb73,0.6956610307598289
ck_18bc51bbf3ef198e,0.770268893868405
ck_44950df09ff14ded,0.14366469749439806
ck_c1466b52c0a10b93,0.5780708902016705
ck_6cdac067cc4db5c5,0.7641576695864738
ck_53f55c6e8cf2d432,0.05988999796292524
ck_95945f48453ca532,0.6975962517824403
ck_87cce4126e215153,0.48793033204318603
ck_1ecd5516c92caa4f,0.06982073742106334
ck_819b482bca14c068,0.900794459156651
ck_a61a879dd46fc9f2,0.41979018129965373
ck_af70aa32c009c3c9,0.4407211244652679
ck_f4fe78e249092ab1,0.7406294561010389
ck_12c46bc52bf45b36,0.44362395599918514
ck_f05f5e4b40afa52f,0.8006213078019964
ck_0f8cb09d3f4fc980,0.7926767162354859
ck_80a64a7f0275a71d,0.3498675901405581
ck_683af7b1540a0b22,0.6503870442045223
ck_51fe0b613c076cbe,0.2901303727846812
ck_da1a2450219dcf19,0.6076594011000204
ck_2a7eba01ceba6c2c,0.753819515176207
ck_4e329e29dfa743ea,0.8882155225096762
ck_0274d881d6db82c8,0.2570788347932369
ck_0af5b7d128035b35,0.6904155632511713
ck_ae0a7be6b0a0ea68,0.3853636178447749
ck_de5bb7a4d091386d,0.9090446119372582
ck_2bb7c17168a9d17d,0.3965675290283153
ck_0ffdff7b2f5fdfe4,0.43776736606233446
ck_718a8390b3d42d7d,0.24562028926461602
ck_7c4f12d70f184533,0.2370136484008963
ck_d3e2c26b8adff099,0.63373395803626
ck_ac9d3d9754104cf0,0.08066816052149114
ck_3b1766a1d51f8f0e,0.7708800162965981
ck_a9bf75bea912027b,0.8055612140965573
ck_687eab3ffe1f8cfa,0.7095131391322061
ck_25dd0b02af5b2f37,0.8621409655734366
ck_1747fcc466f0ae38,0.06279282949684253
ck_f6e9d14dfb6f3c28,0.6086270116113262
ck_c6a7bbd0adc4d5f3,0.5552047260134447
ck_46656a23f4456d22,0.9541658178855164
ck_7519260415c2998e,0.36346506416785496
ck_754f30ea19df857c,0.5884090446119372
ck_ba88a244d5f7380f,0.5984416378081076
ck_f268416945316815,0.20818904053778775
ck_21860dd2159dff28,0.2391016500305561
ck_7a86ef4e2beaec38,0.11290486860867793
ck_0414507baeea936a,0.7513750254634345
ck_60796eb60fc3043e,0.14575269912405786
ck_1e0841ed17fe0562,0.4341006314931758
ck_0d641d32658d6e0f,0.328936646974944
ck_b36086ae6d87eec1,0.3901507435322876
ck_962e65ab33b5c311,0.9701568547565695
ck_b046a42684468e63,0.24017111427989407
ck_ab3426435b0017d6,0.718781829293135
ck_fcfe06e44d09a344,0.6965777144021186
ck_0f6d916c92189516,0.6850682420044816
ck_d4c8f0d957c3965d,0.4967916072519861
ck_2ca83dbd728af019,0.17172540232226524
ck_2857a4ce9f72fbfa,0.07272356895498064
ck_a60e6edc48e3d0ac,0.9185170095742514
ck_0cbd3b27063d4415,0.8402933387655327
ck_612089ec90c37219,0.5697188836830311
ck_ec4e597f17f473c6,0.08331635771032797
ck_1c93cc58f314bf71,0.6594011000203708
ck_2b359a979520276e,0.4852821348543491
ck_1496568ddc3b2d56,0.8113159502953758
ck_41d91dc9f5063566,0.38521083723772664
ck_4c5ff58afe3d7a67,0.0573436545121206
ck_81709736281fa3eb,0.06681605214911387
ck_d89abbab3d4957aa,0.5325931961702994
ck_52453401f88935da,0.6795172132817274
ck_a477654d34783e06,0.1154002851904665
ck_72dd0dbdf808cb00,0.5517416989203503
ck_c183dff3781746cb,0.7738847015685475
ck_c8b7f241810b45e5,0.10114076186596048
ck_f88028c3f306bc70,0.5228661641882257
ck_91d48d69e4f5d9c2,0.5591260949276838
ck_b74b9ba6d7c9aab7,0.8711550213892849
ck_03e904682dc73bba,0.5409961295579548
ck_fc6fed6ea96a004a,0.5037685883071908
ck_51efdd240e34c642,0.8010287227541251
ck_e78ab4ff52b5fd2d,0.3709003870442045
ck_4af7b97c24d89a45,0.76537991444286
ck_295c0072eca7f7a2,0.3453350987981259
ck_8abd1a50a9227463,0.6438684049704624
ck_ecaa6f13304e3dc5,0.08077001425952332
ck_de436e7b319be1fa,0.9949073130983908
ck_c802cf8f61466027,0.16067427174577306
ck_3d83e0a3c1cfbf8b,0.299908331635771
ck_28d2003c2d16e4b6,0.0823996740680383
ck_8ddaf745bbb9cd62,0.0967610511305765
ck_493b6256091014cd,0.7114992870238337
ck_a2245822cfea997d,0.14427581992259114
ck_f7305b3c64cf8a03,0.8328070890201671
ck_9937dad93a0ed3c1,0.25534732124668974
ck_d654449f9231ad76,0.3114687309024241
ck_850e2b59bc535490,0.573996740680383
ck_e55e5bdfc0242aef,0.6639845182318191
ck_d35c51e981b98c5c,0.44622122631900596
ck_27cdf9c5e6f0915b,0.25886127520880015
ck_d328db1e1052d820,0.6242106335302506
ck_0ea30eff5f361cba,0.15507231615400285
ck_9994323f97109f4b,0.9944998981462619
ck_09054e97bdf9624e,0.16928091260949277
ck_723b4afc388113c8,0.1339885923813404
ck_588f6e6a6a6d93e8,0.532898757384396
ck_e1d563fab4d6116a,0.1690772051334284
ck_53aca610e20598bc,0.38169688327561624
ck_c8131ddc7ed33448,0.3383581177429211
ck_899f88464305824a,0.6219698512935425
ck_1c17c65804f8889e,0.38780810755754735
ck_45a16ce12893cf9b,0.49465267875331026
ck_f9d481aa4f9b2808,0.8627011611326136
ck_1d5d74169cf892ef,0.7602872275412507
ck_aba32acb61c1aaca,0.6289977592177634
ck_ec4dd3675a8d28cc,0.45895294357302907
ck_5dcd443fe0bbdeac,0.35750662049297205
ck_3a47e3f54475e854,0.058362191892442454
ck_a9aa5c344c315532,0.7288653493583215
ck_9652283c9f61fcec,0.06360765940110003
ck_752dd3d2487f78ea,0.4091464656752903
ck_a821980ac4db9943,0.9179058871460583
ck_93e0d6befb67f7a1,0.7223976369932776
ck_e7a3881c3e36bd51,0.9056834385821959
ck_12631b78f8a03df2,0.2788755347321247
ck_57b8226610b48854,0.32257078834793235
ck_352657008983fd4b,0.7803014870645752
ck_0841a5c24fd3dd28,0.6619474434711754
ck_db9b9d5d30f74070,0.6691281320024445
ck_a9dded7f6294e44f,0.8058158484416378
ck_91a16336ce3217dc,0.6655123243023019
ck_371bd9388b287677,0.24088409044611936
ck_f285e5e1912a7c62,0.06915868812385415
ck_368b65fca69fc415,0.7728661641882257
ck_d27a73596b6500c2,0.4703096353636178
ck_2d963f9b2c4d11e1,0.7777042167447545
ck_7c500e219af39486,0.25234263597474027
ck_7d025dea5951cba7,0.4147484212670605
ck_32f632706608859e,0.3172234671012426
ck_53816231f3ffb48d,0.09681197799959258
ck_9dbe184e81c1ca8d,0.8160521491138725
ck_d74123617f22a21e,0.2186290486860868
ck_275386782b1606f8,0.21175392136891424
ck_0b0e79d33e50cba5,0.24103687105316768
ck_ba93cb604f792915,0.5946730495009167
ck_a86cd653472eccbc,0.14880831126502342
ck_87771861e0447210,0.8444693420248524
ck_212380e0371d8a6d,0.6344469342024852
ck_ef0d702d7b0ed745,0.11774292116520677
ck_2b8f33e22f939372,0.9608881645956406
ck_480347ad92037105,0.6625585658993685
ck_20124c3a16c53ce4,0.5461397433285802
ck_c9e1e3229baae708,0.6547667549399063
ck_b1befe967f7a5ebf,0.7909452026889388
ck_4672167d7c989bbf,0.8223670808718679
ck_f0c44ee5e3a42e3d,0.5377368099409249
ck_c416357d20238a4e,0.3457425137502546
ck_d0f470f8078c91df,0.36219189244245265
ck_3a70b4ee59084715,0.17676716235485843
ck_179ed66cdfc1ce27,0.26782440415563247
ck_387e5a7f163c7837,0.6259930739458138
ck_08fb463e69f647c8,0.9915461397433285
ck_732f725747393ec8,0.7368099409248319
ck_7cc5e0fa3ca5a713,0.3139641474842127
ck_ad4a4daa826ac68b,0.9456101038908128
ck_472e0be7a3b533bb,0.734671012426156
ck_7190177963eafdd9,0.6610816866979018
ck_647ac26c5900f082,0.28636178447749033
ck_272ae2179bbd8e58,0.5532185781218171
ck_09b0d8af304646bd,0.07684864534528418
ck_ca0cc8ea9f344408,0.4584436748828682
ck_332ad134fb909869,0.41459564066001225
ck_fca2798914627dc8,0.8587288653493583
ck_4450b55f462ae134,0.382664493786922
ck_d67d9dfb60b286b9,0.07460786310857609
ck_a9d2bb4f2bde7052,0.24083316357710327
ck_929bcae878a3ecb3,0.9530454267671624
ck_59a9e000fa275e1f,0.5201670401303728
ck_57f17254e2688637,0.43262375229170913
ck_0508908697f60ce3,0.8894886942350784
ck_946afc2943298d26,0.44627215318802205
ck_7176d12b18f2cc0e,0.6032287634956204
ck_5c47b49c26cce286,0.5480240374821755
ck_b6a2bdb2d335e1d0,0.9930739458138114
ck_1d58f6caaa4d012c,0.6922998574047667
ck_71c917295020ccc7,0.15252597270319823
ck_bc89644ae3688995,0.5498064778977388
ck_e7c212f16d6df272,0.5296394377673661
ck_c6d2e11a368184e6,0.45187410877979217
ck_eed7f1f7548df15b,0.3847015685475657
ck_75b69034000ca7bb,0.7316663271542065
ck_38da3bf629458682,0.6278773680994092
ck_90114c891239d821,0.27189855367691995
ck_8ee08f6777cc155b,0.39356284375636585
ck_bd86132499defcd0,0.2091566510490935
ck_b95fbf2b5640aa82,0.5112039111835405
ck_c530235393360e3b,0.45762884497861067
ck_be52a7ec43241ba4,0.8330617233652475
ck_d96eb3cc55f2772f,0.34202485231207985
ck_dd34f0a844fb115d,0.8864330820941129
ck_17cc7b411f448e66,0.7685883071908739
ck_856ea65fa27d06dd,0.7013648400896313
ck_056d5f0301c30902,0.8731920961499287
ck_e662b14b2bab23a2,0.8916276227337543
ck_209f574c8d92274e,0.41500305561214096
ck_62720b81617896cc,0.5722143002648197
ck_041614694b77e599,0.2211753921368914
ck_461e3f7b97db8d16,0.8279690364636383
ck_1b74b798eebeabdc,0.4305866775310654
ck_0ed2739384f1d644,0.4162762273375433
ck_5a4d19f1b83feeb8,0.34014055815848443
ck_463937167965a1f8,0.40512324302301894
ck_9d7151dbdf100e0e,0.37818292931350583
ck_20a7d1ce6cc27312,0.2630882053371359
ck_6031211ff118cf0f,0.35231207985333063
ck_a6fc92aa91e99b77,0.9613974332858016
ck_0aaaa9d2f75a0518,0.4162253004685272
ck_ec26e327cc1848b2,0.4815135465471583
ck_0e6bebf8ae9b9b03,0.3941230393155429
ck_e107537a4cb738f4,0.20085557139947036
ck_e8ea56e122a5a487,0.6839987777551436
ck_98149ed45d38c4d3,0.7880932980240375
ck_0e719b3a6906b8f1,0.17977184762680792
ck_0c6e7bd357e4a348,0.11341413729883887
ck_d3b2b250da61db19,0.9732124668975352
ck_8bb6b0a292754576,0.8636178447749032
ck_87d70f5fe48a6128,0.8097881442248931
ck_ea9edf9c107d429f,0.46078631085760846
ck_059806c52cebe4f1,0.8977388470156855
ck_a72d6df666e1c21c,0.3014870645752699
ck_1d2b80ab6c4944b9,0.32420044815644733
ck_60557f077abc42ca,0.912303931554288
ck_e5f5cb7dd6ce4a37,0.4867590140558159
ck_4c4a939154446053,0.14794255449174987
ck_50ede3eb561a202c,0.393104501935221
ck_6d03a542922b2ae8,0.251629659808515
ck_d6fe761ed0db3270,0.6192707272356895
ck_7f0cd6ea3096f985,0.17045223059686293
ck_23edb6d938a3b87b,0.12253004685271951
ck_799aaf9f2b9ef621,0.3446730495009167
ck_f8f6a03613b6dda8,0.4058871460582604
ck_7cffb189f4f514ec,0.9789162762273376
ck_c081e1967dcd811f,0.7534630270930943
ck_583d6ca78c97d91e,0.9223365247504584
ck_9332bbc7125219a7,0.370034630270931
ck_956b5af6d7d86c65,0.9544713790996129
ck_2d634e3f24681c0f,0.3368303116724384
ck_7b35d218ed0c5a60,0.3531778366266042
ck_ca5b1057f8248f73,0.5912609492768385
ck_ec5ea81cf813597c,0.5136484008963129
ck_eaebaf4d28400fb8,0.4441841515583622
ck_ae2ab6be219219aa,0.26772255041760035
ck_d99a8b4c820eb46b,0.1303727846811978
ck_bcfb7ffb7cd428bd,0.309227948665716
ck_3dd542c2d31be2c0,0.5967101242615604
ck_c7dd84401e29a7fc,0.23288857201059276
ck_c4bcc7cefd40f8e2,0.28401914850275006
ck_c251898b5d51e3b0,0.6928091260949276
ck_36d37be780c1291c,0.41260949276838466
ck_99b4f266b61ae7ee,0.6378590344265634
ck_c37f03995f0f0169,0.03524139335913628
ck_65a23ac8e44eb901,0.2596761051130576
ck_644b1c1149eea9e0,0.5112548380525566
ck_9cf44eb0237c2429,0.23568954980647788
ck_20541686a94fb71c,0.5106437156243634
ck_c18245be844680f3,0.26746791607251985
ck_56de216eda6b7fa6,0.28732939498879606
ck_406c4442dee45cd1,0.09008963128946831
ck_df1585c7d72a96e0,0.20701772255041762
ck_b8e8dba20676d87b,0.49027296801792625
ck_0ee6965e68efc177,0.8077001425952333
ck_c2a5c54ad8d0d297,0.27118557751069466
ck_bf6fb7e6470e95cb,0.04394988796088817
ck_27fa694569140345,0.07654308413118761
ck_e04166b0ce66393a,0.25539824811570583
ck_8742114f4f0cb22c,0.779028315339173
ck_6eceeafd56b42576,0.7975147687920147
ck_34f9951b0eca1965,0.2551945406396415
ck_384ccecd342a24ad,0.17289672030963538
ck_49c98bebd1338879,0.10552047260134446
ck_6c26c12071c91ff6,0.3221124465267875
ck_01e5986ebb9a78f1,0.7459258504787125
ck_121db7ba3be29ee8,0.8581177429211653
ck_039e6d5a330cea1a,0.792269301283357
ck_ae8c9163cf957d7e,0.6438684049704624
ck_3f5e8f3f1df0c8c7,0.8400896312894683
ck_b1c51fdafcd80122,0.6276227337543288
ck_12e2b5ebfe8986b2,0.28600529639437766
ck_d55eb81a4d543c59,0.35776125483805254
ck_f85155ca5c312c7b,0.5721633733958036
ck_133d8a1ac7c0e301,0.9844163780810755
ck_04212a9bb9b28696,0.9959767773477286
ck_4cc11c7d3ca61f73,0.10103890812792829
ck_2df4854186ec515b,0.32633937665512325
ck_aa9b28e7fc43af79,0.9491749847219393
ck_47cad6c3def4c9e4,0.08713587288653493
ck_fbff7b5da8111567,0.4869117946628641
ck_bd25ea782e375b22,0.3732939498879609
ck_7989376f8cf64a9d,0.3562843756365859
ck_675c0ca1ebb1051c,0.36341413729883887
ck_1436f6e11d4008f9,0.46394377673660625
ck_812cb3a4482cc618,0.7718476268079039
ck_6e606f73a1094afd,0.4922591159095539
ck_1b708e2a4a0584dd,0.5225096761051131
ck_a60d6b324bae0330,0.6459564066001222
ck_706a4f673a9fda3b,0.9536565491953555
ck_a75ece9a9044eed0,0.18949887960888165
ck_9aa45c4e03c8c57a,0.6278264412303931
ck_9fe9bdce982b312c,0.8042371155021389
ck_c6fbdc5ba68a8466,0.7339071093909146
ck_ed0cc1b1c28f9511,0.49439804440822976
ck_a4e2607b4c8021e8,0.05220004074149521
ck_e02f93f51cc8caf3,0.4818191077612548
ck_7084ed3cf20781b7,0.771389284986759
ck_cd4c63155570d6ea,0.23660623344876758
ck_d1b9e5d32d2d789f,0.16026685679364433
ck_68f56f6560a7a933,0.4741800774088409
ck_8bedacc6233c6269,0.33204318598492566
ck_ab7cb50407d6b13e,0.6263495620289266
ck_f17ed7e0fd687742,0.8414137298838867
ck_b0fe4b92fc70f72c,0.1484008963128947
ck_84d62b8196da2452,0.6081686697901812
ck_9e298cae167f4693,0.32786718272560605
ck_405b20ef9ad0ba5f,0.861326135669179
ck_813e02e1ababd177,0.4797820330006111
ck_f234ab47061ba7c0,0.12380321857812182
ck_22b587c18363899a,0.5157873293949888
ck_4e862c2f48c38aeb,0.09146465675290283
ck_b89cb90a420c9075,0.2715420655938073
ck_be2251640f27a3c9,0.8706966795681401
ck_46bec0bff167ed3f,0.6172336524750458
ck_c0032232c2868328,0.23095335098798125
ck_030cf09525dba4ba,0.283968221633734
ck_6ecf56236789fc09,0.979731106131595
ck_38d4ed52cbe6d123,0.7031982073742107
ck_2d923d957ffd4d53,0.481920961499287
ck_3af1eb88728ed8c7,0.26894479527398657
ck_2f8120ca80a1592c,0.45503157465878996
ck_6cabb1a133f0b151,0.43690160928906085
ck_bb6cf7e7b707731d,0.9677123650437971
ck_c8307fecafa90140,0.559737217355877
ck_75f968be67f46d24,0.5442045223059686
ck_df6fe4ec5a233213,0.09360358525157873
ck_b53e88c0e927d896,0.03142187818292931
ck_f0093064aa28f4d0,0.5694133224689346
ck_ec9976cabc63ff92,0.44286005296394376
ck_30dac0a58c5590cb,0.9032389488694235
ck_348a525791ae6475,0.7006009370543899
ck_b898d912d1181ef9,0.3397840700753718
ck_f5b1200dc6f95760,0.4505500101853738
ck_54978a073e7a0b1a,0.5203707476064372
ck_55933936536a4071,0.23950906498268487
ck_d6ba7ffd2ae08863,0.6008352006518639
ck_404e2217fd87fdd2,0.10149724994907312
ck_dfaafdaefa5716b6,0.5971175392136892
ck_556c62e92d4e7e5b,0.8319413322468934
ck_7ce44f4e06d58111,0.8308718679975555
ck_465cb8ce232c7670,0.19998981462619678
ck_237508ca4fb37268,0.7046241597066611
ck_ba4a6b9aa63964ef,0.4619067019759625
ck_4802a0a7a1882c88,0.9367997555510288
ck_9478dfe4114c30f6,0.3908127928294968
ck_5138f6c575dec64c,0.5568853126909757
ck_aebb42afe430e2e9,0.25906498268486455
ck_004efa95555437e9,0.30912609492768384
ck_11af112667c98394,0.3910165003055612
ck_44e9a18a8645c9d3,0.1796190670197596
ck_2605fd571219e28d,0.013648400896312893
ck_dfc933493561d84f,0.5019352210226116
ck_67674348e68d1f25,0.3122835608066816
ck_dd97429277a2fa00,0.8696272153188023
ck_d3eab7a06eb48348,0.6325117131798736
ck_0b9fcff9667ec05a,0.4113363210429823
ck_fc4bfd6e739bddea,0.20610103890812792
ck_43292f70a03ddf2b,0.6706559380729272
ck_5ff6108056a3fef5,0.31279282949684256
ck_767e0be086b5f601,0.7085455286209004
ck_b8465b1a5666155b,0.7475045834182115
ck_ab2e3fc56f5b3aae,0.7952739865553067
ck_1833c81d693c1e07,0.9630270930943166
ck_0308e0602b856445,0.11840497046241596
ck_ccbdfe744acff8bb,0.5896312894683234
ck_b294aa27a0b586d7,0.27678753310246484
ck_a3747201f377626d,0.985129354247301
ck_edde1d7d1db24725,0.39911387247912
ck_ae3b47d6e1063704,0.22723568954980647
ck_3aabf5e0f4defb41,0.39911387247912
ck_f034adb57391f3d7,0.6926054186188633
ck_533672fb40531607,0.9101650030556121
ck_2a244f1ae08ef83c,0.4426563454878794
ck_a35d81bcc54ece2f,0.3783357099205541
ck_78a61215675b38f0,0.501069464249338
ck_e013d88ea7939616,0.32185781218170706
ck_e5018f9418e0102e,0.6594011000203708
ck_d4e024fcda401a31,0.10333061723365247
ck_f736cffbdb82db34,0.05856589936850683
ck_1507f5aa50cdf3a0,0.326186596048075
ck_18270fee7c8fcee8,0.3028620900387044
ck_95ffa1a805a1c9d1,0.21170299449989816
ck_11132d245b94d045,0.3274597677734773
ck_7b93a622e40d8b14,0.7583010796496232
ck_3854c08d17704347,0.8336219189244245
ck_7717fcb100dc4b5f,0.418313302098187
ck_ba54e0a1c328119b,0.9279894072112447
ck_a7afdac4ecbf2de4,0.9434711753921369
ck_ecfb771ed2352085,0.5085047871256876
ck_68be4fefc85a6b64,0.9236096964758607
ck_dac7c50bd6d0148f,0.2859543695253616
ck_87cf36a03bd63c24,0.8941739661845589
ck_8adb40b168b59d7c,0.8314320635567325
ck_8d2f62930777416b,0.6744754532491343
ck_9958b58da9e3c21c,0.427632919128132
ck_9440335375701f44,0.5967101242615604
ck_e2f88e202b6f700a,0.5942147076797718
ck_4c7c50684827a2cf,0.13373395803625993
ck_8a6ea4a79b1c7a8e,0.2999592585047871
ck_186dbff4b24a3bbf,0.8660623344876757
ck_220fda3c11c59b6c,0.8562334487675698
ck_3acccc69f8b1fd14,0.6695864738235893
ck_9de191bf79afd676,0.3931554288042371
ck_6de6b1663f9457f4,0.03977388470156855
ck_062754f8b79b86e5,0.26711142798940724
ck_aa153a89a52f7eb5,0.6998370340191485
ck_34a6bd3be642f15c,0.28819515176206967
ck_9371c700d9830326,0.6012426156039927
ck_a99e0c258ad7576b,0.3307700142595233
ck_0a7ba51d626e932a,0.675392136891424
ck_852c50bbba1ead13,0.8107557547361988
ck_43dc13b6b6d31297,0.7350784273782848
ck_7d81b59d615a6649,0.6298125891220208
ck_39a3f1da060e88bf,0.36988184966388266
ck_6fb2d142c09ed3ed,0.6738643308209411
ck_6e5752b87324b58c,0.2035037685883072
ck_9441d48a12e8a4bf,0.9169892035037686
ck_09e9c51eb538b255,0.21363821552250967
ck_8d0cd981ed3a183a,0.5323894886942351
ck_57c07c45269ca8c0,0.22041148910165004
ck_ccfc9ab888ba933d,0.3216031778366266
ck_9658a6ef471053f0,0.2923711550213893
ck_dac3852758f4ea89,0.2657873293949888
ck_b1ed2278f5f14d82,0.634345080464453
ck_333544d173524f70,0.7440415563251171
ck_fd4582e3853ef23f,0.36147891627622736
ck_614d936cef98db04,0.07898757384396007
ck_6bc351a3d57aac54,0.6876655123243023
ck_af5842fa7202ff25,0.24984721939295174
ck_81307759252571be,0.4805968629048686
ck_b4d2f02d2cd45720,0.9107761254838053
ck_1bd753a4681946c8,0.9900183336728459
ck_46d8c029d46867b2,0.370034630270931
ck_b7da6640fa2f49cf,0.8982481157058464
ck_9ea3d5a5a91fef9f,0.8746180484823793
ck_7b922518f667f76a,0.22743939702587088
ck_2a5b31594206eb30,0.9140354451008352
ck_d9506476ad3f9e08,0.5017315135465472
ck_c8791f7ebd4d93c7,0.7804033408026074
ck_b5a3e20fd210017d,0.594825830107965
ck_8e54386f4fe22cad,0.37502546343450804
ck_75296704f5806f56,0.702892646160114
ck_0fbbc7a6af300368,0.1783968221633734
ck_d19bf4dc0627113d,0.23278671827256062
ck_7951bd4eb99a0175,0.08148299042574862
ck_059e4fac6b7f704e,0.49852312079853334
ck_2ce8931af02a2ce3,0.45722143002648197
ck_9e665618a4860306,0.10154817681808923
ck_6fce5a893613fd2c,0.19245263801181503
ck_9e3fbd04e3532f32,0.9363414137298839
ck_55f2ef0de3420e3e,0.6371460582603381
ck_8d87658a6f5d204c,0.9453045426767162
ck_6d6ac1f5dd882aa5,0.07919128132002445
ck_55d0c7012d7ef236,0.6977999592585048
ck_7738eb085e5753d6,0.6292014666938277
ck_0e6e05c3cc8c8242,0.3093298024037482
ck_8d27ff8383d48132,0.1339885923813404
ck_9afc3bb849f3a64d,0.38913220615196575
ck_27eb86a9898cdfe3,0.22555510287227543
ck_1d40e4fc541abe93,0.8850071297616622
ck_4fd9dc00e1913587,0.9862497453656549
ck_b26cdb2b7b165d2e,0.8204318598492565
ck_a79a27767a02e31f,0.5034630270930943
ck_f0c18cb9f951a71e,0.6050112039111836
ck_50460e0189de6274,0.9750458341821144
ck_5e5280539257c986,0.13561825218985538
ck_eeb854318b3a6f0a,0.22911998370340192
ck_943f66f28dd24750,0.014463230800570381
ck_984dd7452aee372d,0.40878997759217767
ck_ecaa6de0aca5e9a0,0.5898349969443879
ck_8f1cbc432e2774f8,0.6642391525768996
ck_d91d9f8445b9769a,0.9326746791607252
ck_73c18e03e3c7612e,0.07114483601548176
ck_aded05ada490da20,0.34171929109798327
ck_f744e208183971f8,0.20375840293338765
ck_02d4cef6358ad3b7,0.153493583214504
ck_08ff5bd467226a5f,0.1696374006926054
ck_f824b326d5089885,0.9191790588714606
ck_3420f2fd520890f3,0.7382868201262986
ck_1838cf8d00f5b1e1,0.46399470360562234
ck_a85182ad90b6f1e1,0.18150336117335508
ck_fecb39c82c43e76d,0.383224689346099
ck_162513e73782929f,0.8780810755754735
ck_2c27b77c59d8f23b,0.8909146465675291
ck_4221e07b17388fd3,0.5839784070075371
ck_adfb8472d5c3d669,0.6686697901812997
ck_0742fe64055d686f,0.16072519861478918
ck_5060aefcc8b6f958,0.47448563862293747
ck_643f549b4ac78a26,0.9423507842737828
ck_dba767885bd6ad69,0.19545732328376453
ck_0dda35c0c64c7073,0.9851293542473009
ck_38ea56d43afa5660,0.2656345487879405
ck_d813e15ac91f487c,0.8401914850275005
ck_4c840e5585a7b167,0.8919841108168669
ck_cb8551453a7bb929,0.2759727031982074
ck_05a00b1dd5a03359,0.40008148299042573
ck_837cc7fd48453a01,0.46302709309431656
ck_49dd816b31fba6b6,0.9272255041760034
ck_86a61d9a39768e87,0.6498777755143614
ck_cd0e76f0e7bb38cc,0.3745671216133632
ck_dbe58392635133ca,0.6145345284171929
ck_3caec7dd6f8d02c9,0.6724893053575066
ck_bfd9bfc5b6ab4a54,0.8544000814829904
ck_2103399bdb2898a6,0.348696272153188
ck_329f7de7279e74c5,0.23594418415155835
ck_9bf0d28119fc42c8,0.6519657771440212
ck_f781539b1042dc83,0.24444897127724588
ck_9986c7d781ac6b4e,0.1914341006314932
ck_a627734880aca848,0.07893664697494399
ck_2106e509d77fdb4a,0.9295172132817274
ck_420d1a9c604293ce,0.4049195355469546
ck_fce0610c527e2b56,0.42814218781829294
ck_073da541ec3f9d3d,0.38587288653493584
ck_aa5f3ab48c17fed8,0.8919331839478509
ck_0fc1086e1c9e04b6,0.376655123243023
ck_5c33bb46c1a5945b,0.7278468119779996
ck_500948a8d4bd8e13,0.5393155428804237
ck_19becd44f2c3d2b5,0.6829802403748217
ck_7d0fe77dd5ddb656,0.7306987166429009
ck_f158d9e5f101bb35,0.4627724587492361
ck_cdd7c77823c2257f,0.8027093094316562
ck_6c7b41374f9b2e55,0.4618557751069464
ck_417090dbffb1a63c,0.753310246486046
ck_dd0e17605f970319,0.16148910165003055
ck_3646515079e6be55,0.6087288653493583
ck_89c8b06aa8c84b2d,0.8067325320839275
ck_e4d6dedd97233c07,0.6681095946221227
ck_bc82fb1895fddde5,0.22249949073130984
ck_88a8b1d442ca3686,0.6630678345895294
ck_5791f8f76a629a4f,0.7811163169688328
ck_9cf5e88e97c8c7ea,0.4743328580158892
ck_58fd684aa5a6f289,0.09895090649826849
ck_9800c21dfbd8e811,0.21664290079445916
ck_8ae64df60ab6ccda,0.6593501731513547
ck_e535fb0f0c00418d,0.6258402933387656
ck_48011996d54855ac,0.9364432674679162
ck_ac79c72a8fe3fdef,0.7088510898349969
ck_b8cc2df5192bc49b,0.5942147076797719
ck_e96a5e1f08f8a867,0.41001222244856383
ck_84df6770549e43fa,0.4323691179466287
ck_e5f7b99ba6ec5767,0.40344265634548787
ck_8347455ab53ff620,0.48879608881645953
ck_a84f2cdf695a71d6,0.4434202485231208
ck_90456160115f9ef4,0.14702587084946017
ck_ebd178b3f3a9c50c,0.2977694031370951
ck_e1140be6157bacbe,0.12655326950499082
ck_744ffc11d32b96bc,0.7037074760643716
ck_e12a9f7d027e3387,0.4681197799959259
ck_cbe525da0b69f18a,0.349205540843349
ck_aa59702537557ff1,0.48533306172336527
ck_0348cc6908f7f3af,0.06997351802811164
ck_120e995d50956bee,0.7547361988184966
ck_9fcde1ff46cbbea5,0.2957323283764514
ck_54b0b070689c50d6,0.12512731717254022
ck_966a167758fddfd4,0.753310246486046
ck_d5194f2e92fd6427,0.4273782847830515
ck_2ee84f3fa27f2cb8,0.22143002648197188
ck_57d0a7eb7eae2eaf,0.6945915665104909
ck_6a2c4edd82e10969,0.09691383173762477
ck_96e4d38ef670eaff,0.27037074760643715
ck_52cc2fd5095b169d,0.5819922591159096
ck_4b088920f3a844c1,0.4154104705642697
ck_8f3ccbd20d59f1f4,0.13933591362803016
ck_e5e5dc431bed6f9d,0.3229782033000611
ck_e8b5bfa6838e28d1,0.7432267264208596
ck_4bfeb78b47b7c6a1,0.643664697494398
ck_a705c61bd679496f,0.4004379710735384
ck_731869a0c39cb2fe,0.6001222244856386
ck_259eb102342057ea,0.2644632308005704
ck_47a6005fabc33551,0.18282745976777348
ck_682262b455a9edd4,0.05199633326543084
ck_e839d104854945f0,0.31920961499287026
ck_761989aa4c47d746,0.5901405581584844
ck_44211dc210139ed3,0.5242411896516602
ck_9915ceedf63a5289,0.9023222652271339
ck_da59ab47cb6284ad,0.1089325728254227
ck_e5cdbfcca2456652,0.11881238541454471
ck_13f2560c6a1ec62f,0.42809126094927685
ck_a0543e9b3abe1001,0.727541250763903
ck_11c7a58e09e6547b,0.6479425544917499
ck_69587a134d43a4ad,0.7924730087594215
ck_28dc0de0ae291f37,0.7024852312079853
ck_298922703c5bbe05,0.8038806274190262
ck_fa5ba9ed9ed6a343,0.5868812385414545
ck_c08e64d424e56c05,0.7148095335098799
ck_598e036a28262aeb,0.5050417600325932
ck_3f7c870510083a51,0.5067732735791404
ck_364f8203a3e98d36,0.9547769403137095
ck_7333cedb61506ead,0.4318598492564677
ck_1d96d7fd65f208b2,0.7452638011815034
ck_63133a79f23e2627,0.5798533306172337
ck_901d820e0b72abae,0.1769708698309228
ck_5dd80b3c01457bd8,0.4433183947850886
ck_c0b8067c144ed6c1,0.5157873293949888
ck_cebb8aa8c8f62c60,0.14992870238337747
ck_79749eca42ff1f5f,0.647433285801589
ck_2cc1d9b587f6da31,0.8445711957628845
ck_ccc7916b56d42195,0.3275106946424934
ck_e43e53cc7b8b8e41,0.665053982481157
ck_4ab74a6e7450416c,0.16347524954165818
ck_6e44024e9de301c6,0.17243837848849053
ck_dd78cb6ae2866cc6,0.40593807292727646
ck_c363d3b050baf3b8,0.6400998166632715
ck_2d46291975f0dd08,0.13454878794051742
ck_76ebeb5aee42f041,0.8142187818292932
ck_8395f004cf4d4c08,0.4361886331228356
ck_de7259c3741db179,0.2622733754328784
ck_3938e92585df2b34,0.5051945406396415
ck_af69bfcf4f07d932,0.4893562843756366
ck_1723900ab9afe374,0.7589631289468324
ck_3d58628d1c853c8a,0.2679771847626808
ck_12a074db100481cf,0.8795070279079242
ck_8716cbf892c50e29,0.7386942350784274
ck_fbf7351958ad9615,0.3917294764717865
ck_a50370907e6b397c,0.8673864330820942
ck_937402a60df0821c,0.10271949480545936
ck_8ce9c5807acbef48,0.43573029130169083
ck_acf7d65eaaa4c31c,0.2964962314116928
ck_ec3eb6dd0967cac5,0.7805051945406396
ck_fc832b0c90c9bdb9,0.9657771440211855
ck_8129e81cde280131,0.35073334691383173
ck_52c0ef68aa2fb8cf,0.4717865145650846
ck_06f042e9b1b662fd,0.7500509268690161
ck_0bf35dcf7b38f650,0.1274190262782644
ck_615763afc2e17a7f,0.0780708902016704
ck_e72db9d4b2fc9997,0.991851700957425
ck_13757bf0eeb353e2,0.245060093705439
ck_abaf371ec8249c4a,0.8416174373599511
ck_9b7167da0920c37b,0.8631085760847423
ck_2e824b0b27494a17,0.6581788551639844
ck_9a0b605e9c3220c4,0.6030250560195559
ck_a5276af466b681de,0.20528620900387046
ck_9e0383e1fb6e214d,0.7799449989814626
ck_6a27c44b691dbfac,0.2106335302505602
ck_af39767cf583905b,0.5721124465267875
ck_243b1b9fdd3f9a74,0.11117335506213079
ck_c0422e638a9c6046,0.6830311672438378
ck_e0f3ea3373dfc4aa,0.5680892238745161
ck_d56ee1654378ffc7,0.3895396211040945
ck_20cd2f5666719baa,0.029537584029333878
ck_4dfa1c1e9b69fcc8,0.5913628030148707
ck_5d22e9ca1d15180b,0.9417396618455898
ck_f4a7ac178fd55f0e,0.09003870442045223
ck_fd5609bd23a1eaf8,0.39228967203096354
ck_49c3bf13dc9471ce,0.4625178244041556
ck_724085c3452d4693,0.8673864330820942
ck_e5d1462846154a75,0.38908127928294967
ck_c69ef0f3e7d6acf9,0.6917396618455898
ck_a2d0417791d4132d,0.535597881442249
ck_00a07fc2a9183c3a,0.19545732328376453
ck_781b8288e54ba8f8,0.7892136891423915
ck_d74a62ab3804a81b,0.5083010796496231
ck_abcbde211b6267f8,0.575677327357914
ck_16dbafc035574654,0.15940110002037075
ck_018f780215ecaf38,0.5107964962314117
ck_0b259620eac51618,0.19342024852312079
ck_4f875342394c110f,0.8117233652475045
ck_399e45e5fe9beaee,0.2269301283357099
ck_36224a2d394ebfe4,0.8634141372988389
ck_c189b551bd111332,0.13521083723772662
ck_125c5a720ecb177a,0.5925850478712569
ck_76d010aa02eb477a,0.1977490323894887
ck_1071d14c46c92379,0.9252393562843756
ck_61d244b2cde483af,0.5555102872275413
ck_2ff1860da2004c84,0.18924424526380118
ck_c5b583490198672d,0.5651863923405989
ck_1294f7af22fade11,0.8463027093094317
ck_e3a22799716df39d,0.36392340598899975
ck_c77e22834ef97005,0.9401100020370747
ck_73d3689728270a2b,0.14661845589733144
ck_295565fbf77ef885,0.0729782033000611
ck_80c0a7f54ff4895d,0.28050519454063966
ck_f1ef5cf7f10b16c8,0.6004787125687513
ck_a958b2461ffc21a2,0.8557241800774088
ck_0e7899a57cd617d6,0.02607455693623956
ck_9d4fed252718f58a,0.6124465267875331
ck_83c2c34add971d76,0.19586473823589326
ck_9ccc030ba2de9fb2,0.40985944184151557
ck_cd691e3466fb3742,0.2526991240578529
ck_49df70f908dfd069,0.7819311468730903
ck_362ce13eec1e33a0,0.3115705846404563
ck_2452a30397dfc54c,0.38424322672642086
ck_a443d49c2b4863b0,0.32190873905072315
ck_c8b2e2cb349dd0ff,0.09044611937258099
ck_354909fecf5da8cf,0.5380423711550213
ck_841f598bbd54c83f,0.8183947850886127
ck_cd6fbd4e8724f994,0.6011916887349766
ck_e0b3158111370118,0.3934609900183337
ck_4c2f2eb657c2c60e,0.32180688531269097
ck_ef346071f0b7654b,0.6099511102057446
ck_f3bc10e3decefce4,0.06747810144632307
ck_189b6fbe9b9192e7,0.47764310450193526
ck_5245cbc5ff4d4fa6,0.5310144632308006
ck_cb42e3be6fe87f60,0.2393053575066205
ck_966d4d713cbc7792,0.23889794255449173
ck_1c8c969667cbaab2,0.961091872071705
ck_d35e3aa9ef5d405e,0.8468629048686087
ck_a1c39df50a5873b3,0.6739152576899572
ck_a152165caf295b51,0.6840497046241597
ck_891eaedae139828e,0.5434406192707273
ck_1a46b56f4734d52e,0.4087899775921776
ck_5e36042cfad96c99,0.8515481768180893
ck_02a8582c2603e675,0.558667753106539
ck_6def9d0429e4ed4b,0.5058056630678346
ck_e137400825a1e3e6,0.20431859849256467
ck_d91ab840848a54fc,0.11921980036667346
ck_becb6e1c608e0078,0.14122020778162558
ck_6fd8c86ac719d7eb,0.8240985944184152
ck_3ed4d13f12fd9d0e,0.5419128132002444
ck_007337aa99a4891e,0.19011000203707473
ck_60c3d8306527a08d,0.04771847626807904
ck_95458880a54df0b1,0.8916276227337543
ck_b48cd8593533fc1d,0.958341821144836
ck_021c6a4a7e3f1f0e,0.06783458952943573
ck_764d40f865e710af,0.325117131798737
ck_4b84357ae8ec7777,0.4377164391933184
ck_3397c7856b4669a5,0.03279690364636382
ck_920bb003b42e6310,0.4631798737013649
ck_8f59f11b512d5b7c,0.7721022611529843
ck_a3acf4b986afa98b,0.8685068242004481
ck_e89d25ed7bdeeaea,0.09869627215318802
ck_70e6bca473bf6902,0.17233652475045835
ck_186161ce152836f5,0.1717254023222652
ck_9191579254663f5d,0.168313302098187
ck_1e6628879e9d653c,0.3636687716439193
ck_b498fa91a0776ff6,0.6525259727031982
ck_cfc2384f22954830,0.7479629252393563
ck_17673a1c2867888a,0.10730291301690772
ck_523dce06515b072d,0.4372580973721736
ck_c20638a325ead2e4,0.18359136280301486
ck_d3877e1f907cc148,0.8463536361784478
ck_e9a2495dea8675e2,0.6026685679364432
ck_7e561caa5fa1f3f1,0.5510796496231412
ck_455672e652fe1abc,0.9739254430637605
ck_7f8f864fcc90ca82,0.726981055204726
ck_1ad36046aaeb816c,0.365145650845386
ck_de056e37c82e8e00,0.5512833570992055
ck_7484c214c889fe7f,0.7233143206355673
ck_32430e678c4f9f53,0.32343654512120595
ck_6276ece8f80ea799,0.41602159299246283
ck_ae8e5dc4b725bc25,0.7320228152373192
ck_f01be92dc78a2dc7,0.36152984314524345
ck_233397a8bd40d38d,0.1812996536972907
ck_f8124911450fdf31,0.9635363617844774
ck_aa0a3179f1111674,0.3617844774903239
ck_2366b29ed9887a5e,0.19454063964147483
ck_1f22f04dfc08cf27,0.4145447137909961
ck_b62276c3426d680c,0.5868812385414545
ck_d099fca88691f66f,0.8340802607455694
ck_166bd1dcbaf4d6fa,0.12859034426563454
ck_7b1660e942436e12,0.4776431045019352
ck_4a9a791a1d409a3d,0.7589122020778163
ck_b003e5b54df65db4,0.6074047667549398
ck_64b4dcbf436f0b75,0.5466999388877571
ck_26e9a7bb2061a58e,0.7312079853330617
ck_08b77ad5f8f73007,0.5667651252800978
ck_366616a725afc6bd,0.5510287227541251
ck_934fb5064b6eefe2,0.05668160521491139
ck_c6abd5d57b1009d2,0.17585047871256876
ck_edcfa9e1cf29d813,0.5374312487268282
ck_c30201ebd003fdc7,0.4612446526787533
ck_c54643d94d3ce355,0.598696272153188
ck_02adda6e91e49650,0.5850478712568752
ck_5b73d7c5255e58a3,0.9000305561214097
ck_129ffae92dc01408,0.044968425341210025
ck_fa321945ebedb916,0.5576492157262172
ck_8da980cb2e1e2bfb,0.6615909553880628
ck_0576b00d728bdf19,0.625025463434508
ck_c543d82e22b3c8a5,0.0881544102668568
ck_0027ba644f9ae2cd,0.8247606437156243
ck_8dbf61df902a6bbc,0.10480749643511916
ck_90eeca1cda79fd41,0.11193725809737218
ck_86d7127391d4e01f,0.14422489305357505
ck_73762038c7ff2f6f,0.24444897127724585
ck_a1484e6215fac651,0.9306885312690976
ck_cb83b9f806e90dc6,0.8567936443267468
ck_8c6f059c95872126,0.14422489305357505
ck_3174419a81e7caf2,0.14142391525768996
ck_6a0f8f8fa4a3c2bc,0.6345997148095335
ck_b5777605668bfca1,0.06987166429007945
ck_27e4de495abb4d15,0.426003259319617
ck_7f6fa79c7a107161,0.20146669382766347
ck_c36ed9f8e6792ea4,0.6087288653493583
ck_67a1aa88d2ea554a,0.751069464249338
ck_09748dfe4df3d540,0.2121104094520269
ck_27fd85b1e38b675a,0.015634548787940517
ck_2369689bd795ee10,0.2973619881849664
ck_4eb1c12f7d092bac,0.11377062538195153
ck_01fbafc42c8e33f5,0.43919331839478504
ck_93c4e05699b3b7d0,0.3826135669179059
ck_afc484d1b6907983,0.09059889997962925
ck_1b2d9cae92a1aab1,0.8270523528213485
ck_73b729cb161487f2,0.3960073334691383
ck_fe3c1d0ac090d960,0.8438582195966592
ck_408efac1d3885ff8,0.9008963128946832
ck_ccb4dd9d0a48a76e,0.37859034426563454
ck_2987eab34ca7805d,0.6325626400488897
ck_1dbf1f15193197db,0.838256264004889
ck_4ed711fe4053e74d,0.8180892238745162
ck_6c54adce174f45f4,0.1345997148095335
ck_a6c740041faf0bd5,0.3372377266245671
ck_b05c4d33c4f43639,0.7284579344061928
ck_032880f1114dd51c,0.43924424526380124
ck_22311b037456a76e,0.14575269912405786
ck_5866b413549765bf,0.19377673660623346
ck_0e808afe2570ecac,0.3309227948665716
ck_634276b05f4381f8,0.3260847423100428
ck_5d8773badd0d4740,0.3757893664697495
ck_82b5b79ce3517102,0.9706661234467305
ck_b378b8d8100ee4b1,0.39351191688734977
ck_54e581f71be5430d,0.06503361173355063
ck_798ba4b8aa544fea,0.12120594825830108
ck_3fe86b6331ff95e3,0.8971277245874925
ck_81275d9d4c559e6f,0.19286005296394376
ck_99a4e5ef02d89493,0.497810144632308
ck_54e2eb018d947790,0.6392340598899979
ck_966901ea9c77cc02,0.28513953962110405
ck_27d69ff4e0cb428c,0.7019759625178243
ck_2cee2dd7bbfc09a0,0.9722957832552455
ck_4136b00924695ab4,0.09446934202485231
ck_59a164c40c03a45f,0.371715216948462
ck_3e24b026bc66789b,0.0222041148910165
ck_8105bcf69a75ee47,0.16357710327969036
ck_7a1782cefe26a456,0.6886331228356081
ck_970c7dc195161272,0.2835098798125891
ck_a48ec0c00ae20e82,0.7529537584029333
ck_54b374ade34e1dc1,0.263139132206152
ck_74e5dec189761d14,0.3230800570380933
ck_4717f24f2c6f40e1,0.4958749236096965
ck_fc8cd8a8209e802d,0.6417294764717865
ck_71db4131d7efe218,0.226981055204726
ck_45424ea6f0bc4650,0.8473721735587696
ck_3716c6181a5035bc,0.8044917498472194
ck_26de14b96bdad4f6,0.5464453045426767
ck_99c0a41ac9c73857,0.4446934202485231
ck_645f15bbbcff3b4f,0.9932776532898757
ck_b7e25ddd41514d4c,0.04736198818496639
ck_d5c14e877ca7b755,0.28951925035648807
ck_05ea4440dac6cfad,0.4521287431248727
ck_c58bafff7b1955cc,0.3680994092483194
ck_f0cf85b67a9b840f,0.3822570788347932
ck_ce1500a7f0d03fba,0.48115705846404566
ck_d4972a775aadbbc8,0.36840497046241594
ck_3eb6146c262e0fc3,0.12013648400896312
ck_afb23858a4ef42ed,0.9849256467712365
ck_2c1def5c91c52a5b,0.8723772662456712
ck_72e550559487b919,0.5473110613159503
ck_0284dc2b4f856b3a,0.9360358525157872
ck_03be334935e999a2,0.21170299449989816
ck_e35a4b4a3cb4cedf,0.486300672234671
ck_5abe57dfff4b735c,0.40919739254430637
ck_f5f87f772388efa0,0.38475249541658174
ck_5a22cb36d612236e,0.2429211652067631
ck_8ff1e6028e764472,0.9711753921368914
ck_2ab28149b0986642,0.8367284579344062
ck_c88fc1bac79fa6d3,0.8193623955999185
ck_5b137d74bba6b1b4,0.03692198003666734
ck_11f362dca2dfaf5a,0.6348543491546139
ck_7f960541e5174565,0.10689549806477897
ck_d5458ba39ae94498,0.27632919128132
ck_0a921a73a90c2e39,0.5543389692401711
ck_6ad56ef40086dbe4,0.44545732328376453
ck_b68199ecccf2350c,0.19632308005703808
ck_6dac66c8198c07d8,0.5606029741291505
ck_9b9ce7bebc235fe8,0.24821755958443675
ck_6b817117d87063a8,0.6071501324098594
ck_900d62b3184378c7,0.007129761662253004
ck_eafe9b89857149b5,0.4773375432878387
ck_e74716a525ee5b24,0.11321042982277449
ck_4e9a6f06ab134102,0.4256976981055205
ck_b0d33b5a3716661d,0.20956406600122224
ck_8703543bf3134306,0.6559889997962924
ck_923d6a0f83accef1,0.5717559584436749
ck_52e37e2170532e2a,0.8287838663678957
ck_c1c5ea839c58958a,0.728610715013241
ck_660f0006780e87e7,0.3548074964351191
ck_830b2c5d1818ac07,0.89911387247912
ck_b080ff636932d1f1,0.17320228152373193
ck_38730aace405f2ae,0.9960277042167447
ck_9790138467a06223,0.14488694235078425
ck_10de0b0d86b17839,0.2956814015074353
ck_c3e37a4d3382c32e,0.0436952536158077
ck_dd8edfefa1eba531,0.20533713587288654
ck_8153cdadd300d234,0.11387247911998372
ck_74d0e7c2c6b63d36,0.9617029944998982
ck_c478aae3031bb328,0.4362395599918517
ck_cf301f2194975866,0.49256467712365043
ck_f4de03f44e3a5bd5,0.06854756569566103
ck_b06ce826e593b210,0.742870238337747
ck_2fc70b6baf6a0e26,0.14554899164799348
ck_d208494cf5c90047,0.6982583010796497
ck_086d29ccae565e5d,0.11015481768180893
ck_d5ef6dc116dee408,0.5401812996536972
ck_fdf0c5b722d83464,0.3474740272968018
ck_de8494b13adeffb5,0.2804033408026074
ck_556786868599143b,0.45029537584029333
ck_4940e78cbdcfecf3,0.5910063149317579
ck_d32fbbfe32c00416,0.6849154613974333
ck_bc7710f7e9fae649,0.5348339784070075
ck_416f7ac57da081a3,0.3703401914850275
ck_6fb39b60c67d5475,0.4167854960277042
ck_e40a156511345d6a,0.2565186392340599
ck_49ab879b5aa7fccd,0.8374414341006315
ck_bb643194d1cbc47c,0.992360969647586
ck_b3ce8f1bcedfa043,0.5376858830719088
ck_558ebde8c29132a4,0.4621104094520269
ck_e6222925762273b8,0.8568954980647789
ck_bd80546b4807dd59,0.2887553473212467
ck_bd21164bd2bbb635,0.5226624567121614
ck_ea835557d7043667,0.14137298838867388
ck_1411a80a157ff39c,0.5220004074149521
ck_ab973888c20c9120,0.8623446730495009
ck_95b48972061abe82,0.37848849052760236
ck_fc4a43f8876bf10f,0.9264616011407618
ck_f34fb7ccf82f41e5,0.3080057038093298
ck_5af9934a56801ac0,0.38480342228559783
ck_fc7445ec76389a58,0.9272764310450193
ck_1eeacc26f02fbba4,0.7355876960684458
ck_4f325dd15c9bd45c,0.7408840904461194
ck_5009a6c8bbaf15ba,0.7806070482786718
ck_0f3de7f074bb33af,0.15726217152169486
ck_2cbc2f93a32eede8,0.6902118557751069
ck_4bb90a61c21a303b,0.40420655938072925
ck_3ade9eac7d7b0dbf,0.8724791199837034
ck_4859a58629622915,0.5194031370951314
ck_5fed957287ebca03,0.15130372784681198
ck_ec01ae5351500355,0.22311061315950298
ck_703b41624ae6a5b6,0.1405072316154003
ck_97c38e7f61c27e47,0.35516398451823183
ck_db2c0908150cb2cc,0.6661234467304951
ck_64ac5e6fed86ab60,0.9675086575677327
ck_da1c853b0a061e83,0.703962110409452
ck_9a36916b60178ded,0.9538602566714198
ck_3715bfa7fed2c675,0.10852515787329395
ck_dd3feb77d7d4f6d3,0.7607455693623957
ck_982ebb24174a4ade,0.4744347117539214
ck_f6b7a10d47dd9a1f,0.34844163780810755
ck_1f56fe99f250cdf4,0.704980647789774
ck_deb3ac0606d6f6db,0.5408433489509065
ck_e666629e5a41b39b,0.3051028722754125
ck_756d2c13d02b3e09,0.34645548991647995
ck_7bc752ae7cf5d55f,0.32272356895498067
ck_fc0cc4b25e6a8194,0.28182929313505806
ck_9b2b0e286de78a1b,0.5452230596862905
ck_24b0803447211bf3,0.7234161743735995
ck_82eed68d05a42128,0.8604094520268895
ck_c8a03c516ed5b05c,0.49714809533509885
ck_e914974cee1bccb1,0.252189855367692
ck_0c533ff2d0f9962a,0.48375432878386637
ck_c12805fa5d970a83,0.735740476675494
ck_fc2cb29918631f10,0.8657567732735791
ck_c20e89afe575549b,0.2227031982073742
ck_e1ff9e31becc27ae,0.8522102261152984
ck_18116d0ac08f1996,0.9744347117539214
ck_885a83975cea5e64,0.12375229170910572
ck_a0c3059a959ba5d1,0.6437665512324302
ck_75257ca7d7da2861,0.7200550010185374
ck_2210f7a0d13bdbef,0.6218679975555103
ck_9cbd9ecf8374f65f,0.32185781218170706
ck_18f67c00ba21fbde,0.3828172743939703
ck_2d28f14d3973d8fb,0.15120187410877978
ck_8b3401b44aaae728,0.18929517213281727
ck_9d8e9ef37797d3af,0.9361377062538195
ck_9f50920c894f64e1,0.22081890405377877
ck_4737e0d56c6fa0a1,0.7386433082094113
ck_52c311f29ca3aca9,0.044866571603177835
ck_6a4981bc721df37a,0.6878182929313506
ck_823539d936c55fc6,0.030250560195559176
ck_df5aedb4118020bf,0.9745365654919536
ck_a911a066ff0f7b56,0.5293338765532696
ck_684609767df4a14b,0.7957323283764515
ck_f2350bf355dc919e,0.3403442656345488
ck_8452b6cf97c65a5e,0.4184660827052353
ck_084cd84501012218,0.9479527398655531
ck_ace6b72e5bf3e93b,0.9217763291912813
ck_2afdd69094c955c5,0.6566001222244857
ck_fa7d5be26bf7b31c,0.8641271134650642
ck_4b041217690fca2f,0.7311061315950296
ck_9fb8e3d38cdf276d,0.9639437767366063
ck_c1ee56d65a42f59f,0.5457832552454676
ck_fdeaa1cd085691f0,0.8550621307801997
ck_5de33a7a87e9aa62,0.853075982888572
ck_7476e7fe1ff45545,0.6045528620900387
ck_b0a947b498e47018,0.5211346506416785
ck_e3894ed88a7977e4,0.24032389488694236
ck_c7e07ebfb0bc15f6,0.7272356895498064
ck_3a3daa8b376f2a18,0.3120798533306173
ck_87809324c2675b0a,0.3716133632104298
ck_7eb4f33260f1dcd4,0.4887451619474435
ck_ab9f0e08af030060,0.6277245874923609
ck_5b8fc4a76f340797,0.6460073334691383
ck_0e7bf10ef49aa818,0.9025768995722143
ck_a44462a3853ac67e,0.9847219392951722
ck_2d14bcd2e0fc043d,0.18863312283560807
ck_df1f2dba802296be,0.9519250356488083
ck_466a7316eaf149b1,0.8274597677734773
ck_50df50af592b0c06,0.4097575881034834
ck_5f9e34c849704b95,0.2399674068038297
ck_7836bf6def26aa87,0.8029130169077205
ck_ba175b1bd8efaabf,0.35200651863923405
ck_1a0aac7f7b94b1be,0.8195661030759829
ck_6768c4b2aa8ce586,0.4589529435730292
ck_eefcf0ed15897898,0.5132409859441841
ck_7a6cb27e390b6ceb,0.5555102872275413
ck_5275be4e1577c1c7,0.26461601140761865
ck_6bc0e5b8c0b7d2bd,0.6171317987370137
ck_4874bdec79f9106c,0.5663067834589529
ck_a678731156ad7bd2,0.9207577918109595
ck_db906debc36a5d1e,0.6707068649419434
ck_e87897767c612942,0.4526380118150336
ck_45ed5ee496ef8a67,0.3934609900183337
ck_ae20e28f9854f3ee,0.7480647789773884
ck_9ee044b73943a90b,0.4762680790385007
ck_dab34cf6f0626c9b,0.5680382970055001
ck_64a02b7b96149810,0.19443878590344266
ck_c417d06f3e94685d,0.43420248523120797
ck_3e0149cdee4cb294,0.33122835608066814
ck_0e6046fc30f81705,0.6991240578529232
ck_c383aeabd53e9c89,0.599816663271542
ck_2ef76f1f36e8b869,0.8919331839478508
ck_43948784650bb9ac,0.3562334487675698
ck_bdb966f43ac350ee,0.6776838459971481
ck_5bea0e0ee0b094cd,0.7071195762884498
ck_dff090f03ca5529e,0.1032287634956203
ck_a4691b57f837d88e,0.420503157465879
ck_99ee90946395d74d,0.9460175188429416
ck_cc81dbc83a8879fd,0.2995518435526584
ck_f3dc0725621b3a35,0.1046037889590548
ck_1bb212d1288b9689,0.6236504379710736
ck_9e7278fc7679f002,0.6576186596048075
ck_3ded7a8720d7e311,0.3693725809737217
ck_798157bcdb9453e1,0.0823487471990222
ck_9fba80f56f357fe1,0.40110002037074766
ck_f1e1c8491f16f912,0.23884701568547567
ck_7b1319a5ca2f63c6,0.9837034019148503
ck_124432fd5c92af7e,0.9666938276634752
ck_148cb0c723284dc0,0.4011509472397637
ck_b56c62c950eda009,0.15491953554695456
ck_a0498755cd8d7188,0.03371358728865349
ck_5379452a9d74efae,0.11850682420044815
ck_6c2453229d608183,0.5242921165206763
ck_f9d8b4813a88c1e6,0.202841719291098
ck_c2c7d1e45a521857,0.5859136280301487
ck_4364a83a11743888,0.3140150743532288
ck_2cdf5fd97ba75e06,0.8751273171725402
ck_71bc01291e0533a0,0.2699633326543084
ck_a725d7aed2a0bdc2,0.11112242819311469
ck_a9b0c4dbd7db6a91,0.6515583621918924
ck_a4258806a533efa9,0.5510796496231412
ck_905e460591d9a278,0.8010796496231412
ck_20de8abfd8960ee3,0.6880220004074149
ck_252b0a0f1119b220,0.040435933998777755
ck_95e4bef65c36af1a,0.18226726420859646
ck_5ab68b434ad53fea,0.33973314320635567
ck_13677a1957078827,0.14254430637604398
ck_d251e9fa09e542dd,0.9968425341210023
ck_700cb620f300dd47,0.2756162151150947
ck_39a68c55a1bd3ace,0.873395803625993
ck_61a59a7944d6c53e,0.9132206151965777
ck_db6d1c6d31da967a,0.13001629659808514
ck_650020c500b1b50d,0.42941535954369525
ck_d812eb6930192793,0.04425544917498472
ck_92f6ebc11ebca89b,0.6395905479731107
ck_d87e26eb5bc84b01,0.04394988796088817
ck_66439e697695224c,0.04736198818496638
ck_f21efd504faa654c,0.3918313302098187
ck_15eed0f5652f0352,0.37573843960073333
ck_bcdbf57d98dc0d27,0.40634548787940517
ck_873ceb8004d3a9f7,0.7256060297412915
ck_70bef9ddd4bab005,0.3981462619678142
ck_7560f1891d66f294,0.05097779588510898
ck_f439f16f8693883f,0.30479731106131597
ck_14f9535e53f9c7a6,0.484110816866979
ck_5984be472d2bc267,0.9130169077205132
ck_ed01be7504dc4187,0.7809635363617844
ck_dc3d8b5c17b67ae9,0.2457730698716643
ck_9dc23031b6b494af,0.8321450397229578
ck_fbdac0221bc03f66,0.7628844978610715
ck_863708a99b92ef0d,0.6787023833774699
ck_22b52654776a1ea8,0.9475453249134242
ck_a0714f98001efa0c,0.718730902424119
ck_9c56114f84e9a541,0.5423202281523732
ck_e155cf506b2fb699,0.5480749643511917
ck_65ed7e72f24731e7,0.19286005296394376
ck_822d6e8e43befc72,0.9557954776940314
ck_b1182471d9ac6b26,0.08138113668771645
ck_821446adc95e6da5,0.38587288653493584
ck_ff182f033134dbb8,0.7326848645345284
ck_9c5feef7647b0588,0.45513342839682214
ck_df935d8bdd44883e,0.43313302098187
ck_01eb24c18ad11fca,0.6836422896720309
ck_00d6730134a1eb51,0.41505398248115705
ck_79ba8e85678d0224,0.5591260949276838
ck_97e3b04a1350f6e4,0.6991749847219393
ck_74e9747954a46eaa,0.4565084538602567
ck_397d5fcc9972f909,0.7226522713383581
ck_9ede89e8a43c3f53,0.748879608881646
ck_303b33910d67f306,0.04843145243430434
ck_3c17841636f6f7dc,0.4536056223263394
ck_78730527f8ba1438,0.8674882868201264
ck_5ee32bc6bb5d1d4c,0.9032389488694235
ck_a13fee8cd925d0dc,0.35959462212263194
ck_6f847263379f2e43,0.5426257893664698
ck_9b9d9e579e7b55b2,0.7824404155632512
ck_87c1d0a79e79c84b,0.5339172947647178
ck_bfc453eabb472f91,0.3658077001425952
ck_978c21bb5fe3171e,0.5832145039722958
ck_dd882323474431d4,0.6110205744550825
ck_533c4f7400d5ab22,0.8663678957017722
ck_5f217bfe28954e75,0.9863515991036871
ck_ae96d35465b3b4bd,0.49658789977592177
ck_512ebe97c0af94dd,0.9071093909146466
ck_f558fe02bb0219b8,0.37991444286005294
ck_84092e23d5ef4d51,0.525768995722143
ck_17d3022ca12eacd7,0.3973823589325728
ck_8a8f81bf3558fd9c,0.09345080464453046
ck_0ada6fed1864e7c4,0.521338358117743
ck_21fe7bc59dcd78fb,0.42096149928702387
ck_e136e20c1c74fe38,0.5754226930128337
ck_e7a530e09d113dd7,0.9320635567325322
ck_7cb0c9ded4d63027,0.4336932165410471
ck_102db9615e722c9e,0.7478610715013241
ck_129e39ddfde92eeb,0.16077612548380527
ck_d730ff21bfd7769d,0.6196781421878184
ck_54459b45d2be8459,0.21022611529843144
ck_7f1c20319eb60aa6,0.9975555102872276
ck_939fede90473e412,0.3005703809329802
ck_e0f9506a6d5f4a1a,0.15945202688938684
ck_9a4967cdf49265cd,0.918822570788348
ck_b9eaf03453ac7d5f,0.18430433896924017
ck_522477be6376b450,0.1812487268282746
ck_9b6282e3bad50710,0.42208189040537786
ck_a0e3a2facd508e49,0.7493888775718069
ck_97ffae702f7c3d08,0.09859441841515583
ck_344a95cb7115ec67,0.1538500712976166
ck_1f2760764afa45e8,0.25392136891423917
ck_720cd658d11ea428,0.6319515176206967
ck_04e32ee9834c088d,0.9521287431248726
ck_2bb1389e5e72c8f4,0.4009472397636994
ck_961e7dbc217cfbbc,0.08647382358932573
ck_f3bce4eccfa6d6bb,0.2795375840293339
ck_e0ccfa0d689339be,0.41301690772051336
ck_98217aeafa0bfefd,0.49281931146873087
ck_a02aeec1914c158a,0.34548787940517417
ck_20a17e8f206a14c8,0.8665716031778367
ck_114c32aad4b6183f,0.8495111020574455
ck_79f5198f0decef20,0.08357099205540844
ck_2209de229b4c71c5,0.5240374821755959
ck_6ee939b7f396975f,0.2040639641474842
ck_202f0c14b07ace01,0.6054186188633123
ck_fa24db9d416ab904,0.31264004888979424
ck_cf6aa24b92c4d33c,0.910674271745773
ck_45f57fb8194cefc8,0.24943980444082298
ck_d5eb179dc45394c6,0.44571195762884497
ck_efb24be983342f75,0.6166734569158688
ck_245f5d62ead5ef28,0.4602770421674475
ck_15fe2a47fa7e92ea,0.15084538602566713
ck_b6527a85fd682554,0.6226828274597678
ck_11f9390a11ce9ff5,0.6920452230596863
ck_ffb4d892c5158201,0.16958647382358932
ck_d4c1da5a1427fd6a,0.8190059075168059
ck_2c041b1efb1c5063,0.37533102464860457
ck_ecc18f40b33be769,0.7676716235485843
ck_0525349f3945375b,0.7344673049500916
ck_0bfe62e0c7eab9c9,0.7288653493583215
ck_b7c37d410b1646c2,0.5392136891423915
ck_4b15b0746318cf42,0.8150845386025667
ck_e5ee006ecd8ff661,0.6949989814626196
ck_ccc83cf66365357b,0.7063556732532084
ck_34a33ffe8339f66d,0.974231004277857
ck_4e39e3b165edab58,0.9108779792218374
ck_1a71f8081ae00190,0.9661845589733142
ck_ed8f1200fc049c40,0.9867590140558158
ck_8a5a57858e8c77f3,0.7612039111835405
ck_fff9fdc2adf5100b,0.9585455286209004
ck_c76f1bf40f3b787b,0.14315542880423712
ck_1a6ddfeef82b1b1a,0.4096557343654512
ck_478d2667aa9896d9,0.4391933183947851
ck_641c8e7694b21f3b,0.5404868608677939
ck_293581d879f6663b,0.9492768384599715
ck_1bfa8abdb22be8f0,0.6863923405989
ck_05ab5b03d0bf9ce4,0.9112853941739663
ck_35694db37f0cde7a,0.12074760643715625
ck_fe33eb743d714c03,0.48003666734569156
ck_abd10fbcbaf2b038,0.41877164391933186
ck_46d51648c1bf80e5,0.8743124872682828
ck_5c8390017fabfaef,0.49806477897738843
ck_87d55ca333f22072,0.10485842330413526
ck_c39c6a1453e2b92c,0.032695049908331636
ck_69ff1b0aa143a168,0.06854756569566103
ck_e57c79eaab35ded7,0.10735383988592381
ck_463ae759e2b6ad1d,0.34309431656141776
ck_0dae4a7eb587f3ba,0.7411387247911998
ck_9b12fb56529ebc4e,0.49465267875331026
ck_1af547077ba2dd03,0.8905072316154004
ck_de13de941bebc7cf,0.05856589936850683
ck_83dde7da2bf647ac,0.046699938887757184
ck_c80a94d4660041fe,0.6899062945610104
ck_f39cfeb277ef6528,0.005092686901609289
ck_1cec1ed1512a2d3d,0.054186188633122835
ck_7955a359b6448799,0.2634446934202485
ck_8c0955dad13c3ca1,0.3147280505194541
ck_6d4cd2de601a2308,0.6028722754125077
ck_f4536ba8dd2d551d,0.3537380321857812
ck_b379c198d6db2d62,0.6438174781014463
ck_76ea90ebc74bcdc7,0.606335302505602
ck_734f06bd4aa92781,0.5144632308005703
ck_677e1d0c14cbf569,0.1459564066001222
ck_259271c70f3fbcbe,0.6084742310042779
ck_c0b744eb9e7d4eb7,0.5471073538398858
ck_3d41faeb96802f68,0.23533306172336524
ck_8f604fa70fc3c8e3,0.4361886331228356
ck_0b3c3bea0e0ed339,0.4428091260949277
ck_be5df076b8a86409,0.11697901812996536
ck_6a475fe324d7d790,0.6553269504990833
ck_3ba3fa5387bacee8,0.05337135872886535
ck_324b9939d9c1c31e,0.26655123243023016
ck_a7fcf7b592f68ca1,0.7233143206355673
ck_5b2728f7cca414ae,0.047311061315950295
ck_5f4a25ffd0b85a47,0.4927174577306987
ck_63d4f5076fe4406e,0.15878997759217764
ck_af528d66c86f0cb8,0.9147484212670605
ck_ac7cdb9b8da7b5dd,0.6676512528009778
ck_3bece63711407e25,0.7306477897738848
ck_d4e0b2a12fcfc35e,0.07348747199022204
ck_ee3e7c9d3a9c74b4,0.7348747199022204
ck_50d7c4dab837bf66,0.23665716031778367
ck_ebcb93a2990fc914,0.7018741087797922
ck_2329cc9702cdf7a0,0.6680586677531065
ck_db1fa53d588bf99e,0.4164290079445916
ck_44e57a0bad5a0745,0.6193216541047056
ck_472c81a144f4631b,0.1088816459564066
ck_1658429acd5306ba,0.4032898757384396
ck_466103ec5bd9444b,0.775208800162966
ck_9757163e25262b74,0.6066917905887146
ck_34ed59bc2c9b0186,0.5153289875738439
ck_b7bd3a7f263f4f29,0.839325728254227
ck_149662b09d632e41,0.40446119372580974
ck_a9ffd6b3957bd41e,0.12736809940924831
ck_ab80466ef615e85c,0.07348747199022204
ck_f2c824d3473db24c,0.5988999796292525
ck_a4a01fd45936b078,0.6174882868201264
ck_8f6ce158c2902877,0.07114483601548177
ck_5189a302cfa7cefd,0.16006314931757995
ck_430a3d03be588201,0.5738439600733347
ck_b5f9dd00914b4db4,0.43354043593399877
ck_52dec82e9cf6135a,0.2558056630678346
ck_95e444a01e2ab4a5,0.6046547158280708
ck_e37cee7b123692af,0.6470767977184763
ck_d68d42858a55adff,0.6681605214911388
ck_3abfc010091d679d,0.6336321042982278
ck_cee4e4e1b62bf82f,0.4525870849460175
ck_9ccb17c35e636c5e,0.4213179873701365
ck_f72a5a3b0d6c1177,0.025819922591159096
ck_7508aa554fae6afb,0.7495416581788552
ck_003aa842b7ca1d77,0.9432674679160725
ck_83b2b192f41ee2bc,0.898044408229782
ck_64796b6b2c3c7f06,0.47102261152984315
ck_6438ae81d43cb196,0.5168058667753106
ck_2bd73d9098504760,0.7742411896516602
ck_aa8b9b36a099e4c8,0.5677327357914035
ck_e5ece47d0dd10526,0.445151762069668
ck_16077ac345472e6a,0.6719291097983295
ck_a4d6e152b0076964,0.2237217355876961
ck_d90b1d03ae151f62,0.7455184355265838
ck_18b36d342b530af4,0.41663271542065594
ck_2a01e610348b84f8,0.8167651252800978
ck_0a93ed76bf36c8b6,0.6128030148706457
ck_3d56b477fe2370b6,0.7671623548584233
ck_17ab3068fa303682,0.49383784884905274
ck_592a3520d841d11b,0.5431859849256467
ck_84d07028b5fca2f6,0.5505703809329803
ck_f4a2bb10afa85743,0.26079649623141166
ck_4fe4b072f03f2c1e,0.16067427174577306
ck_9ad08fcc183ea1e7,0.16301690772051336
ck_130d3848b9dcdb05,0.2964962314116928
ck_bb399ed6bf28c230,0.6170299449989814
ck_a31a64a39a2c4941,0.3265940110002037
ck_c49f25dfb39909cf,0.8529232022815237
ck_55f50a9ae2db8ff7,0.3079547769403137
ck_09faa4e771cf876b,0.20798533306172337
ck_df520a7a6e405889,0.9067019759625179
ck_8c8c98cc694ac900,0.8265430841311876
ck_7f0c4f609673ef62,0.2757180688531269
ck_f51fe59cd445d2cb,0.26105113057649215
ck_b3fb83f0d772a831,0.5575982888572011
ck_d6e7e257751c299b,0.1769708698309228
ck_0d362ddb4a1cb6d4,0.3224180077408841
ck_a574a08edaf81781,0.2643104501935221
ck_a823f5bcb0e4b9df,0.17396618455897334
ck_f792586ad0381eac,0.5719087390507231
ck_54bfd70022c66983,0.23767569769810554
ck_fe0a9372c9372de9,0.2128743124872683
ck_5691cd6fdb6d8147,0.5439498879608882
ck_a95f212a02433d23,0.47682827459767774
ck_f5adad75e1c06731,0.7328376451415768
ck_e09c97520eb0533c,0.5066204929720921
ck_a1e13c0d58560340,0.03203300061112243
ck_cacc2ca410cbe80b,0.6227337543287839
ck_c0dde2a6ef1e08c5,0.11769199429619068
ck_a04403073c90ce38,0.04063964147484213
ck_03d3026107175dae,0.49444897127724585
ck_50176dae5b1b716d,0.4519759625178244
ck_6c084bfcb38e96c3,0.6235995111020575
ck_36d2be9012f7909e,0.40868812385414544
ck_958acf84c6137a22,0.5394173966184559
ck_114722e12db90a73,0.512629863515991
ck_203c2a22c0c165ac,0.5373293949887961
ck_2c44ca550e5cfa82,0.6722346710124262
ck_df0a8f20ab8f14f4,0.7711855775106946
ck_826a27ff7555192e,0.4477490323894887
ck_09a988ebcf062297,0.6877164391933184
ck_5c82444b3b9160ae,0.35674271745773073
ck_f6a4a7ed27fe76fc,0.8080057038093298
ck_17de46314b5c6a92,0.36794662864127115
ck_335e63101b1e6c4c,0.89585455286209
ck_c5eefc0697451de9,0.5728254226930128
ck_49a0efb5d4067b6f,0.8370340191485028
ck_c1f4509c8f5dac5c,0.3676919942961907
ck_57658eda1c59bc52,0.21710124261560398
ck_0d5c0736ec76385a,0.1210531676512528
ck_e0239e6ae30795a7,0.6351089834996945
ck_e4459115cd8e5e4f,0.515889183133021
ck_bb4aec09d4968dda,0.8244550825015278
ck_a1b4c96faed3e0db,0.4739254430637604
ck_8247b79ac67aae7d,0.561927072723569
ck_fe2fc7d6e5d83f09,0.35898349969443877
ck_f6aea576cde8d592,0.20976777347728662
ck_b7e7f7d0cd886412,0.7233652475045834
ck_ca7b993e8286af7f,0.8649419433693216
ck_47de038381a9cd65,0.4001324098594419
ck_d38f941d09eec820,0.8709003870442045
ck_d9ba2a6c0d926b4d,0.12436341413729884
ck_cda72f597330d0f3,0.17707272356895498
ck_16d2d27fadeeacf7,0.33632104298227744
ck_be05447853d423a9,0.4235587696068446
ck_cd92852d7376a4a8,0.047820330006111224
ck_2faf7ecccc9fec58,0.07914035445100835
ck_db8733fd92f20cd7,0.48451823181910775
ck_a9989a3a94c26634,0.2742411896516602
ck_957fb25437c75e41,0.577306987166429
ck_e6a6caf6e7de17c2,0.25590751680586676
ck_f7bc569b37e8bdda,0.322367080871868
ck_703b375dd86a6124,0.6034833978407007
ck_d3cfb3603f2c6ca3,0.4878794051741699
ck_07cb2b6f2a4303e1,0.6137196985129354
ck_31631e2028d4f855,0.40059075168058667
ck_1631bab0ba1256db,0.7655326950499084
ck_5fdafeaec036f016,0.3720207781625586
ck_6eda4c36aecad602,0.19245263801181503
ck_bd1bf9e3e29de281,0.5596353636178448
ck_bf378ea558a4125f,0.9100631493175799
ck_7aa2deeda0e57412,0.9791199837034019
ck_d229cf7f5a3f38ca,0.5447647178651456
ck_9e109edd124492a5,0.05163984518231819
ck_779491819995625d,0.9130169077205132
ck_b89c6fa2ad0a12f5,0.32628844978610716
ck_1d01b4a609918c4e,0.9678142187818293
ck_714c5d7cb17bc9f2,0.5360052963943777
ck_269f1746f2609ed4,0.4817681808922387
ck_4be03a2aa62b93c7,0.06228356080668161
ck_cf920313f6dd28fa,0.4600733346913832
ck_fb00aae4e17740c5,0.16714198411081688
ck_085d8c42739e2b10,0.9914442860052963
ck_c72a7d0d03cf3e17,0.8526176410674272
ck_8f6ca5d3b17eac6e,0.21037889590547976
ck_d9573100bbff4014,0.923813403951925
ck_79d6793d1d0cf43c,0.054797311061315954
ck_91fa5032f7aff0f1,0.8268995722143002
ck_87110d84872c0fed,0.59762680790385
ck_8220da627e9992a5,0.2804033408026075
ck_2ae44938847f3852,0.6368914239152577
ck_b0f191e44f9b6f35,0.6474842126706051
ck_3049d744b527f4d0,0.49231004277857
ck_47d3e8d1dd3fbcef,0.5551028722754126
ck_ddf787359d2b5deb,0.07674679160725198
ck_b27a9e39726b26d9,0.11759014055815849
ck_80c4e9274cf976b6,0.9911387247911998
ck_c6afa913168ce8fa,0.33362191892442455
ck_52427b3f8478db19,0.5497046241597067
ck_3b810f15ca0eaa55,0.2934406192707273
ck_0c9e420f97baaa06,0.9644530454267671
ck_f8540cf3a8b2f8c9,0.8036259930739458
ck_1402d24dd623df72,0.4812079853330617
ck_eb4f4267e24d042c,0.2999592585047871
ck_6f661b428d6fb8e4,0.4538602566714198
ck_519a26ecf3d29c90,0.19611937258097373
ck_e886ba71d4a6fd73,0.7385414544713791
ck_437f9ecd2016a1a8,0.3526685679364433
ck_f01af1b0c977cc06,0.40817885516398456
ck_614f777c2eb5d537,0.2257078834793237
ck_b804e784cde9af8b,0.24536565491953555
ck_c2dccbc1b24b137b,0.7682827459767774
ck_1df4a1781a0f6999,0.4199938887757181
ck_bd2cdd53fca26171,0.4039009981666327
ck_424c254249a109f0,0.32990425748624974
ck_cf2ca4f286e289ba,0.8468119779995926
ck_6c33cb15b0d8af54,0.6416785496027704
ck_311d395fa9b8550a,0.5045834182114484
ck_9f792e7e721ff7f1,0.17366062334487675
ck_4c37586080edb7fd,0.23181910776125483
ck_7c4f42c5397113b0,0.2349765736402526
ck_fc418f53ce4aa579,0.9848237930332043
ck_1ba28fb7ef726ce2,0.44504990833163577
ck_d932f98bf6b83956,0.8024037482175597
ck_248b3659a9239240,0.5949276838459971
ck_6a92cf5f4cf5de38,0.4814116928091261
ck_65519d0fb137e0c5,0.28025056019555916
ck_ddc3fc99eaba2064,0.738490527602363
ck_7310cda3bc65a73f,0.3052047260134447
ck_c01c85bd631d4054,0.4263597474027297
ck_b4954d16b9749829,0.3671827256060297
ck_f301f6758e170d66,0.6459054797311061
ck_9bf95f8c47e7c7b4,0.3358627011611326
ck_c91b7fccf6aeb4a5,0.5704318598492565
ck_785fa45e86bc5e95,0.34930739458138116
ck_2a65f1cc23f1180e,0.18797107353839884
ck_a49a2c1f881a3560,0.1789570177225504
ck_def344d68f06d749,0.6996333265430841
ck_abbd1465fc730d78,0.1612853941739662
ck_07a5610ed28162fb,0.3293440619270727
ck_7ecdee2d7127be8b,0.36728457934406195
ck_67858bc00e81490d,0.036005296394377675
ck_b4ad165ace910222,0.42004481564473417
ck_30753ffe481a1b8c,0.9330820941128539
ck_c401a26725b17177,0.04104705642697087
ck_819988d8a7f26415,0.19790181299653697
ck_3364a1d9261b3638,0.1933693216541047
ck_c484c5bda389bf20,0.18807292727643105
ck_ae416325fef92c9d,0.9730087594214707
ck_5517b9a865960542,0.20650845386025665
ck_a0e96fed380440b2,0.523018944795274
ck_e83409471d2b0b44,0.5870340191485027
ck_127273af97d7827d,0.6301181503361173
ck_aaa9861c91bd14dd,0.3720207781625586
ck_a378c58294001a36,0.9756569566103075
ck_abb9d65ff1f95b64,0.8413628030148707
ck_a5ecbefa849ae569,0.4319107761254838
ck_aa9953c0ca2bed7b,0.0358525157873294
ck_40bc6de252865f32,0.1031778366266042
ck_9fb11688dcfe1513,0.28503768588307193
ck_ba68841ca2ba073d,0.7880423711550214
ck_1d3e561a7d20be0a,0.9924628233856183
ck_99a92d710a29c1d0,0.5496027704216745
ck_ede2e887697ffac0,0.10618252189855368
ck_e6de67c0d82a7b83,0.6532389488694235
ck_6b38763bf5ddbcef,0.5739458138113669
ck_8dd44eead7d765a5,0.4149521287431249
ck_30bf5b0056eea9e9,0.8945304542676716
ck_2981d16f8a51a8ed,0.7952739865553066
ck_fc60f42c68c7024f,0.7641067427174577
ck_8e2b2251ee224aa4,0.33652475045834185
ck_1906f0dfaf6e9bad,0.9503972295783255
ck_dcbe6814fc4ca0b4,0.7379812589122021
ck_f7e958a286ae3b57,0.3053065797514769
ck_713649668a7ca824,0.550417600325932
ck_6f73cdbf9305e2ea,0.5609594622122631
ck_dd1c490050cd9051,0.5838256264004889
ck_e30db36e376606f7,0.8909146465675291
ck_740d8fe8028b5a2e,0.3611733550621308
ck_ebbc9418cd41f692,0.19958239967406805
ck_7b3cc6cc3f250f39,0.5248013852108372
ck_1d30eef7110809e5,0.9488694235078428
ck_77e0589ab339ca66,0.07022815237319209
ck_15ccbf8ff7d14086,0.2720513342839682
ck_246989b0c288664f,0.5944693420248524
ck_fc2a6e27b10b10e9,0.33912202077816256
ck_8afc1112c12f5402,0.31136687716439193
ck_a76e8d83b9141364,0.5999185170095742
ck_51d3e8dd7465c015,0.41311876145854554
ck_e7b4016909405981,0.19021185577510694
ck_e7a3cfb9bf908e80,0.560297412915054
ck_2bb49dc2388cdc1e,0.1182012629863516
ck_94f4266ee7871345,0.274139335913628
ck_b2c896beec146477,0.713790996129558
ck_fcf5d4a4748cdd53,0.27678753310246484
ck_fd0483639811f62e,0.8658586270116113
ck_9a21d183524734aa,0.6256875127317173
ck_1df4b46c0a4c317d,0.5484314524343044
ck_638df9e8a22dfe0b,0.6567019759625179
ck_65acc43a6dc3e65d,0.2237217355876961
ck_7c67b73196e3d0d9,0.24322672642085966
ck_b0ee3a98175b462d,0.21292523935628438
ck_20fad010969f1abf,0.1475351395396211
ck_54b087bd873af8b8,0.35154817681808925
ck_8007824431fa803b,0.18287838663678957
ck_23aab322810b9fec,0.44963332654308413
ck_c8001bdb9aafc8a6,0.39972499490731306
ck_3a34c3ac83cf84b3,0.2708800162965981
ck_60187ac2c473a662,0.9875738439600734
ck_6a0ccd7357979f0f,0.8523120798533306
ck_27f20337bef5ffe0,0.6615909553880628
ck_f9fc468915afe49c,0.6519657771440213
ck_1eabc15a94bd9009,0.2957832552454675
ck_26896c494b2768ef,0.3375942147076798
ck_348c874eaf0354f4,0.8274088409044611
ck_be9c46acd216b45d,0.770829089427582
ck_a3cce46d15cc20a2,0.7031472805051946
ck_70804f60d9704128,0.7796394377673661
ck_a019151ca8e7527a,0.6118354043593399
ck_571133b2aa8ead51,0.5026481971888368
ck_0afa4449f20d5196,0.05403340802607455
ck_4d503c41cf4e5034,0.4602261152984315
ck_d6fb9cc5171e3e9b,0.9728050519454063
ck_05ed92a7c3e10e5d,0.5863719698512936
ck_bfb067986660afe3,0.5405377877368099
ck_c1a31690c8573226,0.09935832145039723
ck_cb88ef3dc1f42225,0.18287838663678957
ck_21e3b3bd998745e5,0.8633122835608067
ck_cf52e46fa54e4540,0.01797718476268079
ck_b72c7ac4208052ab,0.6861377062538195
ck_e6465c56b337e6c2,0.47168466082705235
ck_5f87eb05d18186c0,0.3824607863108576
ck_263f6c5ff26b5e98,0.18369321654104706
ck_e0b7e2c0bbe228d9,0.39137298838867385
ck_b657ae3c146cb7bd,0.1856284375636586
ck_abac514d8167ea58,0.5709411285394175
ck_024dcab126876002,0.5835200651863923
ck_5d8481e2b38bd99d,0.26481971888368305
ck_edf229c17d25dac1,0.7704726013444694
ck_6cb7c97b72d6b5d3,0.47723568954980644
ck_c96ae2c28086a059,0.6180994092483194
ck_2f241b97c0f8389e,0.7249439804440823
ck_9158bdbb63ee8987,0.3194642493379507
ck_e7b40b60786c1530,0.25020370747606435
ck_66d38518f68e6194,0.16525768995722145
ck_8c9b57ad2a991416,0.3275106946424934
ck_cc91bd7152d3e9ba,0.7131289468323487
ck_0d846660c7957a88,0.280708902016704
ck_60896cdac2212bea,0.8540945202688939
ck_dc4db8b932df49de,0.783968221633734
ck_2dc31db181150e20,0.3220105927887553
ck_2f138fce1171e277,0.6693827663475249
ck_68b8b859a6ef505b,0.45752699124057855
ck_c3fe0c6c5e1f40f6,0.04328783866367896
ck_15886fe84866de92,0.6862395599918516
ck_ea269b35406473e8,0.2487268282745977
ck_3ce7cad1f69b71d6,0.5939600733346914
ck_054ed4288ee58d6e,0.5614687309024241
ck_3d4913a86f207fee,0.8498675901405581
ck_23ff85f9d2355e8d,0.3697799959258505
ck_d87ab3261322216a,0.030097779588510898
ck_fac046ce336fe39d,0.1941841515583622
ck_beb97e498e6cf8e8,0.5819413322468935
ck_1f517e0ebf397b51,0.22642085964554898
ck_0af57ebaa45877a1,0.5755754736198819
ck_f99bc1732ce5e999,0.5026991240578529
ck_abb056a9deab275a,0.6417294764717865
ck_0bfc394c5faa65cb,0.5130372784681198
ck_ddc865af1dd5670e,0.6536972906905683
ck_68b5542459638b56,0.5293848034222857
ck_0b1d84252c0b46c2,0.3941230393155429
ck_520ec32c4f253604,0.6032796903646365
ck_79ffcfee599d77c7,0.69408229782033
ck_eb224c0fd146253f,0.7761764106742717
ck_0e477084434da450,0.41393359136280305
ck_07840bba5570785b,0.6462110409452027
ck_6b67fe8e310ab865,0.4115909553880628
ck_e2a1068c2fa22525,0.520268893868405
ck_b9c6b32f6bd92a3c,0.24735180281116317
ck_c1e7d1021ae58f00,0.023884701568547564
ck_5d7801201749ffde,0.37436341413729884
ck_c8806749e263f70b,0.13704420452230598
ck_c9eeab826781dc91,0.553778773680994
ck_309a432c160a17b3,0.5436443267467916
ck_b22e3337b8e3dbb2,0.46088816459564064
ck_79c30169c71b8033,0.9772866164188225
ck_5a6593d954085775,0.09614992870238338
ck_70b9b79ea1aacba8,0.4865553065797515
ck_63743141ffa11f45,0.5009166836422897
ck_dfd3dbd0d97a642b,0.52632919128132
ck_635646a661f05b4a,0.3976369932776533
ck_4b123d6931b6d0d7,0.8993685068242004
ck_f2b0e7a47f442557,0.9525361580770014
ck_1b1df006b81d38ba,0.26303727846811975
ck_360237c1bd30f4bd,0.5787329394988796
ck_5e84bca0e362da20,0.6165716031778367
ck_142dba210ed2f3b5,0.728559788144225
ck_a3564236069e3524,0.5506213078019964
ck_cf36d8b070ded782,0.4164799348136077
ck_ddd6625c5eddad70,0.038449786107150136
ck_ad54292a0b2f44ef,0.6426970869830924
ck_45cd5ef6b359e9b4,0.4039519250356488
ck_982c2392238b7be3,0.9165817885516399
ck_083e4ac78685c3bb,0.6922489305357507
ck_729cc0b46cc2e546,0.8760440008148299
ck_f2b8995fe5402759,0.1691281320024445
ck_73e24f5a8da289b3,0.6877673660623345
ck_bd85f30c36f5998d,0.8731920961499287
ck_ee4ff3aeadf912c1,0.27093094316561417
ck_63d2978706e193d2,0.6736606233448768
ck_6a0684436a1e66c3,0.9501935221022612
ck_182dc4a2f5a366da,0.051334283968221636
ck_e6fecb82fc2a82de,0.2938989610918721
ck_cfb06f07394dfe64,0.14162762273375434
ck_7bbe1dc8add17ef0,0.3611224281931147
ck_5cacad76e02c8e3d,0.9625178244041557
ck_ca68dec0c7df5a12,0.1706050112039112
ck_e4c0fc52c82065d3,0.4894072112446527
ck_f9197b070416f443,0.32343654512120595
ck_2a07c7021b71cf65,0.6167243837848849
ck_4fa85cebf707de2c,0.08520065186392341
ck_0063d2a9507467e5,0.4104196374006926
ck_ec986285fff05b7d,0.12095131391322061
ck_279d43303708109b,0.5349867590140558
ck_a406bf11e48cf8c5,0.743939702587085
ck_064b2aa3f0bfdb6e,0.4132206151965777
ck_95790440bc4bd2d0,0.1905174169892035
ck_70066eea13b4c34f,0.5977286616418822
ck_19468fe07e26f992,0.9783051537991445
ck_86bfe328e0a533b9,0.9464249337950703
ck_ace3b96c977a7560,0.9159706661234468
ck_642344e5c652d8df,0.6917905887146059
ck_074be35c951ae10a,0.6608779792218374
ck_f14dce41036486a3,0.9934813607659401
ck_5cf67a3a747e684d,0.9295172132817274
ck_f7285b92648c1c81,0.217661438174781
ck_bef3193f124fca5c,0.8659604807496435
ck_05c4dcbb45de1f8d,0.19036463638215523
ck_d7c28eaa05bb7144,0.4744347117539214
ck_320df984791a1b99,0.29053778773680994
ck_f45bad1606fa00a7,0.4866062334487676
ck_6f81c199e986d9fc,0.5021389284986759
ck_d0c9633fed57c344,0.537787736809941
ck_a3c25d6cc7478068,0.3787431248726828
ck_4185506d12cf9fa0,0.20075371766143818
ck_7a02ee1bfba7353b,0.3989101650030556
ck_1b52590757c0fbeb,0.6948971277245874
ck_a0e5656e1cf9cbf5,0.24144428600529638
ck_ace21f6daef94f6e,0.28727846811978
ck_646d8d0834782d6a,0.8724281931146873
ck_1f136a4476b5e775,0.26751884294153594
ck_325c7643cce02da3,0.7629863515991037
ck_9b5e7fe28208f5d1,0.33789977592177634
ck_05d81b1a150f31c5,0.1510490935017315
ck_0e9ec486bff403c5,0.490680382970055
ck_ee13c091bc379188,0.6131595029537584
ck_f7a7f8f5903617c5,0.629354247300876
ck_96c3a3517153390e,0.4183642289672031
ck_538dad7f096458ad,0.2564167854960277
ck_8758fc6622bbb7df,0.5003564880831126
ck_f7e53af3c91fec64,0.6685679364432675
ck_80b50fad7f255e1d,0.22249949073130984
ck_9645e7adc08631b5,0.3287329394988796
ck_e007aedbf37d6ec7,0.33912202077816256
ck_2951d76c41de2569,0.7057954776940314
ck_9439bff87e616d4a,0.4405174169892035
ck_a73045e96af0e4fe,0.5756264004888979
ck_7b382e533e2e925a,0.2984823793033204
ck_730226c2d216cacc,0.1690262782644123
ck_bdf837d761a7cec2,0.9431656141780403
ck_0b34197335ba3341,0.5578019963332654
ck_49170c4b31a20f5c,0.07720513342839683
ck_cd553ba6589d8bfd,0.6474332858015889
ck_56b992c6f136fa5e,0.5769504990833163
ck_8beae3d7328fa41a,0.6725911590955388
ck_1a065ea906ae3d6a,0.11881238541454471
ck_e9e3381d5e0e5051,0.39284986759014057
ck_a6d4f998dadc90c2,0.9374618048482379
ck_d36733da917115a6,0.6372988388673865
ck_e738e920bbd74a7d,0.6166734569158687
ck_af65eb885a51048d,0.06905683438582197
ck_73f4eb09af29b1c0,0.6851191688734977
ck_8fc641b1750a2542,0.628844978610715
ck_41b954c7a948c060,0.18094316561417806
ck_25fc3010e8a0f6d7,0.12955795477694032
ck_a2624e0387974e0e,0.697901812996537
ck_5cb9d7b2329d5ab6,0.5856589936850682
ck_6c83aa1d100a7cd8,0.7984823793033204
ck_67025c64588abd1e,0.1482481157058464
ck_f5dde68f6f0468e1,0.12120594825830107
ck_46bfb2cfc29a6d2e,0.30332043185984925
ck_49dddb894d33f6db,0.7458749236096964
ck_f738b633b8862d18,0.09299246282338561
ck_3d6c3c00d854f5a4,0.8334182114483601
ck_cdb8061d8d1a6c5f,0.19886942350784276
ck_5e1b81848718bdc3,0.47611529843145245
ck_8def763034187436,0.7175595844367488
ck_8f8e4fb9c6190272,0.24745365654919538
ck_368b968b5f33431e,0.07725606029741292
ck_ba7e347251ea399b,0.4216744754532491
ck_9075432001a64e75,0.3754328783866368
ck_73c5371635aca173,0.96924017111428
ck_81793387b38047cc,0.21980036667345693
ck_0cf220816e320ac5,0.18501731513546546
ck_820219bb9c761b52,0.9419433693216541
ck_70a932ab39d86a24,0.16225300468527196
ck_2c4be237a7ed79c7,0.09762680790385007
ck_acc764b49ef02826,0.9135261764106744
ck_74c3c3452e4e7cce,0.10898349969443878
ck_34dfb57e5bf31d2f,0.5003055612140965
ck_6ec39903f765956d,0.6851700957425138
ck_5986119e7d81e831,0.5182827459767774
ck_2ddfc948b8eac752,0.856946424933795
ck_921ff5ceaf40a968,0.6434609900183337
ck_fb3b68b4424b5f92,0.6837441434100632
ck_c3db1b3ad4f16679,0.6646974943980444
ck_124a197be41687f5,0.4981157058464045
ck_c58d9151834f5bad,0.6635771032796904
ck_389607982eb6b701,0.9331839478508861
ck_fb0c138c003e933a,0.03661641882257079
ck_50d0bb7edd8c69c0,0.8011815033611733
ck_c6cb651149dc9a8a,0.18104501935221023
ck_81e21354e477eceb,0.5665614178040335
ck_7696e38b3e4197b0,0.4891016500305561
ck_586001d3ed9e7fbc,0.00651863923405989
ck_bba413492dc46f2a,0.6392340598899979
ck_95b894380ad2702a,0.7013648400896313
ck_277621473369614f,0.9968934609900184
ck_a50621b5eeca84b4,0.15211855775106947
ck_bfa7ba218b988cde,0.795477694031371
ck_5ea89567dfe78e4b,0.6537482175595845
ck_6c679602a6476ab2,0.30591770217966996
ck_d3885e286b3b11d2,0.6821654104705642
ck_cdcf6671b37c9c92,0.5755245467508657
ck_b5c93e6d34f8d366,0.18837848849052763
ck_c24f61925dc158d5,0.7773477286616419
ck_cd09375e6c81d2c4,0.34233041352617644
ck_a95afc7a00303a26,0.31579751476879203
ck_8e89ca8b39f3f8ad,0.17391525768995722
ck_9a84b396aada3fa8,0.7590140558158485
ck_5124a2e415384945,0.6863923405989
ck_d66bb1f063357f99,0.14234059889997963
ck_0fd9312411b0ac55,0.33250152780607045
ck_ad8cbe6e27e47ede,0.41429007944591567
ck_8398adeaf41f9cae,0.3588307190873905
ck_dcf851e7bb5855d0,0.1718781829293135
ck_9affb0f26776b642,0.18068853126909756
ck_f0424b3b36bdbef0,0.8894886942350784
ck_66746d1090d6d9e9,0.17646160114076187
ck_e5f8c8a5824db594,0.4337441434100632
ck_3e91dcc209431984,0.7817274393970259
ck_126a82e8d42e5ce6,0.07572825422693012
ck_38e4a74ab256e2eb,0.33851089834996945
ck_1225a97fc413a419,0.609136280301487
ck_9b5ec0f78e160e65,0.15349358321450396
ck_7c5529bcc079600b,0.6005805663067835
ck_29640fc2fe81c251,0.8108576084742309
ck_160e9ba0a3f7c1fd,0.40374821755958445
ck_bff090cb4ab76b9f,0.21817070686494194
ck_aa06ed358e43db69,0.8302607455693625
ck_7264486eb512d84a,0.3226726420859646
ck_f5a32e6160b28379,0.15583621918924426
ck_4ba8bec14c2217e1,0.5928396822163373
ck_610815786d729d2f,0.3790996129557955
ck_e267999226b6321b,0.19576288449786108
ck_f3996a3c8eea1ea0,0.49348136076594007
ck_e9b75ed7567a3f23,0.6286412711346506
ck_d21612d48bb4f7b8,0.4986249745365655
ck_1f871df76c6a995b,0.8407007537176614
ck_953bd5de48ccd70f,0.9582399674068038
ck_02a9104419a6dbaf,0.5650336117335506
ck_1eeeee651e05d535,0.7654817681808923
ck_e2ab04136a442a98,0.29043593399877776
ck_f0d806624ef3d359,0.5325931961702994
ck_4b68b38c1b3326a3,0.267569769810552
ck_74e60495f8861156,0.42279486657160315
ck_398f3f4cf05c721b,0.1520167040130373
ck_f761b7650a0c1a85,0.5538297005500101
ck_7dadef33f5e2d94f,0.9667956814015075
ck_6ff6883633b8c7ba,0.1269097575881035
ck_4d2159603045109e,0.37762273375432875
ck_a38bd07a5fac5c9a,0.15242411896516603
ck_f517f06551e69507,0.5168567936443267
ck_a7ea00a1760ad561,0.9929720920757792
ck_31fc51d5a3dfe16a,0.47331432063556733
ck_bac5233623b25ca4,0.4318089223874516
ck_385188ab27784fe3,0.8823589325728254
ck_9947a323bab5cacd,0.8446221226319006
ck_7973edc9f22ee7b6,0.65237319209615
ck_f97c477986043755,0.17966999388877572
ck_1a3fd2cc4b4de196,0.42447545324913427
ck_e18ac29ea62cb435,0.8338765532695049
ck_9720a472a3e0140c,0.28167651252800974
ck_668c7fc7d7e47c0e,0.7278977388470156
ck_214af0806470ef48,0.44937869219800364
ck_a46c1773f01f0be7,0.7677225504176004
ck_f2bdcfb4203ffdee,0.6625076390303524
ck_40e84e6ffe788a4c,0.49826848645345284
ck_dfc6f5712d8d6678,0.8825117131798736
ck_01ef1036b2e66a4b,0.4072112446526787
ck_3acfec10eec32f9c,0.6724383784884904
ck_084a85145c15ed77,0.3937665512324302
ck_fcdb4fe2f095fba1,0.8402933387655327
ck_023908db0a193076,0.8282745976777348
ck_fec0ff92fd622253,0.6709105724180078
ck_c009c97d5fafbced,0.8454878794051741
ck_eb9f0c06ee017ee5,0.3517518842941536
ck_d7792b429620fc24,0.2512731717254023
ck_5e9e149a3b69c726,0.6137196985129354
ck_ce927322ef8f651c,0.48507842737828477
ck_b8fd61a8e82bce32,0.9854349154613975
ck_9aafc33fba1474cb,0.30678345895294357
ck_ce81ff9b8b35562f,0.20324913424322671
ck_25bfca1d8eaa152d,0.5140048889794255
ck_170c65860e2a7e23,0.3273579140354451
ck_952da7ca9f33decb,0.35327969036463636
ck_1ebd574406235957,0.7224485638622937
ck_589109a188adc2c1,0.1189142391525769
ck_f0cbd5383bb07778,0.5713994703605623
ck_242521e261148fba,0.19153595436952536
ck_509cece86a558de4,0.37370136484008964
ck_0dd7c5925d28755c,0.17574862497453658
ck_a7e669cf1c3985aa,0.5539824811570584
ck_acb84dc2351eeb76,0.12787736809940925
ck_b837c7dac2a9b931,0.4778977388470157
ck_18eb1f9181f95df4,0.08922387451619475
ck_b0b9047dddb1ec84,0.9561010389081279
ck_43aa136bdb0a2832,0.9009981666327154
ck_3e47f8c56c811700,0.3968730902424119
ck_77c587d24695ea15,0.5123752291709106
ck_20578ac693ea4e93,0.5256671419841108
ck_b9f6040eebd1605f,0.7768384599714809
ck_ca9d86f65cfdf018,0.11646974943980444
ck_a4fa8833995c716a,0.18715624363414135
ck_f589f1e29301b5fd,0.4865043797107354
ck_961ddb8ff55d868e,0.1933693216541047
ck_5662492a54e6688b,0.5047871256875127
ck_ad48826c1c26eb78,0.9383275616215115
ck_621c9ddde6bf2eca,0.6391322061519658
ck_417a3500b2c717b3,0.773018944795274
ck_c7e129058beb3ac1,0.5072825422693013
ck_ec1c902b9b9b9c5f,0.893664697494398
ck_317360ec0a67d27e,0.7797922183744144
ck_3e3ea5d8c4a229dc,0.7539213689142391
ck_d11d27de7bf0b973,0.9374618048482379
ck_d37d56e931105db0,0.3505296394377674
ck_4863077723cd6ce1,0.06844571195762884
ck_479a065d5903e9c3,0.14768792014666937
ck_e66ae4fd586fedea,0.21577714402118559
ck_192bbfd0d5720134,0.5562741902627826
ck_3b436cb29af99f3d,0.2970564269708698
ck_7c7ca54969eed187,0.5687003463027094
ck_826ee896c9f1144d,0.9154613974332858
ck_ba1f6dd43fc8a0b1,0.362395599918517
ck_49685deb63e4e8f8,0.472601344469342
ck_687ab5d5554bfa79,0.5064677123650437
ck_41346ccd9242cc8f,0.2672132817274394
ck_8f8e5e2b9dfec3d1,0.6352108372377266
ck_94d5ce61a0c50465,0.6790079445915665
ck_6b954c75aad8c012,0.6812996536972906
ck_748af92828c9d288,0.2500509268690161
ck_dddd14091ce812c2,0.5102363006722347
ck_723323f6870fab59,0.3433998777755144
ck_dbdf8d0708cc6718,0.3682521898553677
ck_f04938570a154de3,0.13948869423507843
ck_58afa1550b3b5294,0.3336219189244245
ck_3b150afde386ecff,0.6587390507231616
ck_666b95e75d99ec4e,0.9569158688123854
ck_e00332597cf1eb24,0.5722652271338358
ck_9a9e3dac79280d7f,0.7229578325524546
ck_e8d37262e859d9a1,0.4837034019148503
ck_895bb39d24bc1c4c,0.0901914850275005
ck_b367449195e36499,0.39315542880423715
ck_d23f9a50d1135ce1,0.8545019352210226
ck_670dc4910cf476c2,0.07180688531269097
ck_3ecd8a5ce65e21ca,0.6420859645548992
ck_8584fea2df4c6317,0.3771134650641678
ck_0789ff4562202b20,0.4317579955184355
ck_749e0e50c3907be8,0.1419331839478509
ck_c3ff6790cc6d7e34,0.2737319209614993
ck_75fb7e56432ee4b2,0.5098288857201059
ck_529fc3170fd11abd,0.7340089631289468
ck_34a69b3b4a681796,0.9293135058056631
ck_255f0e5888ae9e23,0.6716744754532491
ck_65be698386474170,0.08285801588918312
ck_5eec9ed855c26000,0.1655123243023019
ck_5ab39bdc9610f6f3,0.9464249337950703
ck_1b5b75762f033462,0.43517009574251375
ck_d3e208671cf37f91,0.9811570584640457
ck_5068ee554ceff971,0.8436035852515787
ck_d7d50fb57fcb2d0e,0.059431656141780406
ck_ba6e1115fceaa067,0.6619983703401915
ck_d07bfb16a4a7dac0,0.9701568547565695
ck_ead68310311690c8,0.9597677734772867
ck_ee53ce862bc9c111,0.553778773680994
ck_97e56e6037024dff,0.07516805866775311
ck_80b04344c98ec072,0.7177632919128132
ck_5954f45a2ab45f43,0.4869117946628641
ck_18ddf7e836256e3b,0.2605418618863312
ck_89a1a780144d808b,0.49623141169280915
ck_a7331e8b808c39aa,0.6714198411081687
ck_a1fd0ad03ff9b776,0.5178244041556326
ck_c0cf50eef030b401,0.01181503361173355
ck_074f20921189e7d6,0.29145447137909963
ck_e2aa7be60794593d,0.7809635363617844
ck_72771757dfb7f7a8,0.5199633326543084
ck_a9cd84a6dddfe584,0.45691586881238544
ck_142c00f9f8557504,0.7724078223670809
ck_221b5d40358230f4,0.8558769606844572
ck_a2d7a563f520b7ea,0.2327867182725606
ck_66cd34bc568d95e0,0.5640150743532288
ck_a17128972d3e507d,0.7080362599307395
ck_bda299466bb2136e,0.7142493379507029
ck_2b699066665abe8a,0.7153188022000407
ck_0ac9848bd4ba0c14,0.1274190262782644
ck_98d2f9a6ba3a3077,0.9502953758402933
ck_a872df31b28a5f7f,0.855775106946425
ck_7e73e1d44ce82ed9,0.24210633530250558
ck_1a415416f620d49d,0.09416378081075576
ck_c95c786d2f8b8edc,0.49220818904053776
ck_e45012f22b7f91d5,0.17019759625178243
ck_aa0b083e2a6813eb,0.8155428804237115
ck_4666232ddbf77756,0.26904664901201875
ck_e08e9c8ec5f23d8b,0.3802200040741496
ck_31d4c0518e5f52c6,0.2771949480545936
ck_c1ab40638f04cb02,0.2163882664493787
ck_4c1fdd1669c7cf51,0.2852413933591363
ck_11662cc7940ffc82,0.7980240374821757
ck_2e679af24adedac8,0.19173966184558972
ck_454b9e21b7f25a4c,0.22255041760032593
ck_355c4f29089731e8,0.9623141169280913
ck_507e40760a24d2d5,0.6613363210429823
ck_0943e0f305078e34,0.9895090649826849
ck_abc54ed7111e9ed1,0.06559380729272765
ck_a60fe02fc04407a9,0.4708189040537788
ck_244b897bb4d57c1f,0.3053065797514769
ck_8c84fcde93a04334,0.8870442045223059
ck_9eea37d2de633b27,0.2606437156243634
ck_b2cb9e6610eca967,0.31202892646160113
ck_09aadb4c41b166f1,0.6631187614585455
ck_8d94fbb4828ef326,0.1239559991851701
ck_089e3a07abbe3b8f,0.20920757791810962
ck_dfee9de05e3971cf,0.16505398248115705
ck_6abf8302ce052451,0.7788755347321247
ck_6ffa90143838a4a2,0.23243023018944797
ck_325caeab5c7a9c3a,0.2530046852719495
ck_1964ee9db929a173,0.9595640660012222
ck_942b95988a6245a6,0.8292422081890405
ck_913ecdeeb8e21a9c,0.42269301283357097
ck_ecf9794349eb4b3b,0.8144224893053575
ck_b6cb8d6ae828eed1,0.5781727439397026
ck_2f82ea66c4f53b33,0.83550621307802
ck_6e676daa4855b58f,0.7653799144428601
ck_2a37fef48b44e9c8,0.4417396618455897
ck_3bd12d468fdc2450,0.26038908127928295
ck_1a28b6a40a6bd3b4,0.8592381340395192
ck_61b79dec96d15713,0.37716439193318396
ck_31d5e3daced93d3c,0.4997453656549195
ck_e6c8611c0cf233d7,0.16210022407822366
ck_f04761b4a937ac3b,0.6403544510083521
ck_38c1c75cf055031b,0.4993379507027908
ck_59a561f3df01441a,0.5864738235893258
ck_04e40f556a5062ef,0.44571195762884497
ck_8409716d174635b6,0.6683642289672032
ck_3019afee83342701,0.6618965166021593
ck_b51a58e7f032c9a8,0.6286412711346506
ck_5043e474f848346d,0.7199022204114891
ck_4388abce33ecd01b,0.9132206151965777
ck_c93def7392f0aff5,0.8413118761458546
ck_72e7b1acc19df820,0.26863923405989
ck_f253130dc3ca5b3c,0.18715624363414138
ck_eb264d1b180d4b4c,0.6639845182318191
ck_c2504f5a113433ee,0.2004990833163577
ck_c16ab1e4dafb4910,0.88490527602363
ck_4bc42878fa180991,0.748421267060501
ck_1c771a7c78f6622c,0.6965777144021186
ck_d523f0e50a2747ad,0.15053982481157058
ck_9060f4e7ab7a1b0c,0.32185781218170706
ck_6b55ec4e87a5e22c,0.8741087797922183
ck_55fc62a5f89a7251,0.3998777755143614
ck_bd2545c62f258231,0.6817579955184355
ck_1ccdc69d0bb712b4,0.579547769403137
ck_710f867a3bd5898c,0.15772051334283968
ck_f91d48c40337d375,0.3505296394377674
ck_f76d929541ed41dd,0.841006314931758
ck_e26a6659c237b650,0.7407822367080872
ck_184983177b73dea5,0.4135771032796904
ck_6d0d081bfa8a0022,0.42243837848849053
ck_2f6e64f638da0f97,0.5158382562640049
ck_15b93103ccd38609,0.3229782033000611
ck_094d10439b7b4eac,0.22616622530046854
ck_d2ca47180a926ba2,0.38235893257282544
ck_a69ca7b9d70972bb,0.25473619881849663
ck_68914e67343a7d32,0.29461193725809737
ck_8176616132458c0f,0.3926970869830923
ck_eee99af3598311b8,0.7565186392340599
ck_94410eedfca91304,0.6789570177225503
ck_cfb11a0a2325bff5,0.39997962925239355
ck_75217ee144b715f8,0.8313302098187003
ck_d56fc799542299b8,0.11290486860867793
ck_4c352dd3e7c81269,0.6885312690975758
ck_e23e50e02cb3904d,0.8177836626604196
ck_b921af37d500e139,0.6509981666327154
ck_82181b935360dcbc,0.9849256467712365
ck_22a7cf3b99c5e5fd,0.21969851293542475
ck_f67ee7910d532216,0.6735587696068446
ck_5f48762a14a0326f,0.07501527806070482
ck_1757fcb0e6e3f88e,0.8937156243634141
ck_2c2f080ba185016e,0.6144326746791607
ck_4c25570eb72711b8,0.1532898757384396
ck_a3be871ca22ac416,0.4304338969240171
ck_ab70961e7c6695b2,0.44622122631900596
ck_a1cdebfc42a52448,0.18929517213281727
ck_f1b80b821a20186d,0.4154613974332858
ck_ae668e4564cd2aa1,0.05510287227541251
ck_0e2bc3a5afa439d8,0.767060501120391
ck_3dc378f37d0b74b8,0.599816663271542
ck_9f9555197480d1cd,0.26201874108779794
ck_bf4e7d48770a4a8b,0.8387655326950498
ck_614ef655f0685060,0.5531167243837849
ck_04d2ea38ee27770f,0.16220207781625584
ck_e03a9d8ac94161d5,0.2813709513139132
ck_d4007b5b26d9d854,0.0666123446730495
ck_2dd147ce6d61749f,0.4434202485231208
ck_ff45764ea7d6619f,0.6668364228967203
ck_dbc487cb0a6c18da,0.9747402729680179
ck_791d5392bbd80447,0.5000509268690161
ck_b4068439c413b150,0.2961397433285802
ck_85df7b7de9700aba,0.09146465675290283
ck_001e42551cd06e40,0.20228152373192096
ck_a6c02ae50932cd9d,0.3014870645752699
ck_9fd0be2c018ff5e4,0.23227744958239968
ck_32a495128395fde5,0.31355673253208394
ck_b6f2a2fd232c141b,0.26232430230189446
ck_28dde633692904b0,0.8534833978407008
ck_a1a93c5f375f6021,0.11779384803422285
ck_e3982142336782df,0.4933795070279079
ck_a9812ff3c111ea94,0.4856386229374618
ck_f04062216f95fa00,0.7503564880831126
ck_7c560467daca735f,0.033815441026685676
ck_76ee10d6e2dba70f,0.7310042778569974
ck_3521243bdac61178,0.4218781829293135
ck_28588fb03b320520,0.7106844571195763
ck_580dcec33ec232b8,0.7443471175392138
ck_7109923fd7dab20a,0.384854349154614
ck_7c872c99481c1e9e,0.2372173558769607
ck_46f4e1f5026f4d1b,0.12721531880220005
ck_00d1ebc31ec4653c,0.36957628844978613
ck_aac70764dde15168,0.4283458952943573
ck_648c03f9aa4e45f1,0.7424118965166022
ck_5478eb69ef912785,0.7637502546343451
ck_79b8523137bb2603,0.745060093705439
ck_795c49f312640019,0.05393155428804237
ck_89184bf7b7fe41cd,0.8925952332450601
ck_97d4bd922996fa10,0.36565491953554696
ck_1cef30d08f3a598d,0.1011407618659605
ck_2f9fd36a4a40a6a8,0.18970258708494603
ck_40780fc0f8d6f309,0.535139539621104
ck_9083ca9fec2a7f4c,0.5447647178651456
ck_62081bc35aa59931,0.292218374414341
ck_2e1b46c5fc56b863,0.8511916887349766
ck_3d139692c51b604a,0.7861580770014259
ck_b5e54e22e3d6960a,0.23660623344876758
ck_c0c4be3f44311b04,0.24210633530250558
ck_82a8bdd2692c2a5e,0.3005194540639642
ck_bdd2da300b530c5a,0.42187818292931345
ck_ee40498cd97183d3,0.15033611733550623
ck_70b9274473bd6dfe,0.19861478916276226
ck_473d6314ea614b29,0.1670910572418008
ck_7443d6dca8cd1352,0.18817478101446322
ck_3b49768b448b071e,0.3822570788347932
ck_b43f04431c267dea,0.03193114687309024
ck_4424a5223ba2fe00,0.34558973314320635
ck_819bf3e8231f4081,0.5441026685679364
ck_91d417507a8c58cb,0.8333672845793441
ck_e88e86b19cada4aa,0.5013750254634345
ck_59684167f9c6bf4c,0.6528824607863108
ck_d5f5b0dc97b9dc27,0.27739865553065796
ck_13d1b192bbff8f32,0.30291301690772054
ck_b21d8630387cabce,0.08346913831737625
ck_e4ac22046699b99f,0.3188022000407415
ck_74b848064f2ff45d,0.15313709513139132
ck_166aa980cc87fa77,0.6094418415155836
ck_98e337806104dd88,0.29751476879201466
ck_66eb09be007f0755,0.5663577103279691
ck_3ec9b9d8dd7be11c,0.5270930943165614
ck_8b8b9de339d75d0b,0.449022204114891
ck_6715139e240007d9,0.24266653086168263
ck_a0255ab46e122d2f,0.05902424118965166
ck_66e81a4190c33510,0.4685781218170707
ck_5d75ea4f5c9080bc,0.9570177225504176
ck_df69858b8a8b3165,0.23955999185170096
ck_e15252ebd7553422,0.22041148910165004
ck_34d6d74bb3ed11e5,0.11117335506213077
ck_c2608f78f6851d10,0.9478508861275209
ck_bb99071e8f58c8a4,0.9305357506620493
ck_06010f0df5b7cef8,0.7892646160114076
ck_8c582eb0f6c0148c,0.2957323283764514
ck_0034d010d28aea78,0.4717865145650845
ck_01c1f06692566ca1,0.3637706253819515
ck_4807726e797fb893,0.5535241393359136
ck_edc9668282e3c8cb,0.5
ck_5486768475af7bb5,0.9747402729680179
ck_3fb9813849e51837,0.6907720513342839
ck_861af5a9a9a6d619,0.12828478305153798
ck_da39653add0f1109,0.1526787533102465
ck_74a4244eb1f162e4,0.022662456712161334
ck_9a930faade55b8ea,0.2349256467712365
ck_fb6e06ca88519dcd,0.3559788144224893
ck_9776cd8263a9f415,0.1870034630270931
ck_b3dd1198ac5aea73,0.609696475860664
ck_b6675a04df1a4276,0.21745773069871666
ck_5c7ad6e731b69333,0.9050723161540029
ck_28dc0fdbaec00580,0.8359136280301487
ck_8e7a32f7e3905f4e,0.4718374414341006
ck_8563fed6674afc77,0.5510287227541251
ck_9a2fcccb82da663e,0.47316154002851907
ck_6a519bdac0d94527,0.11137706253819515
ck_a0dab7aa9c4a39a9,0.0916174373599511
ck_a3ce05e9e5e32142,0.5073843960073334
ck_7a7e40ee3f97c035,0.922693012833571
ck_9e9a830785112a73,0.8125381951517621
ck_ab1bb02f6b189304,0.9089936850682421
ck_7b8cb0f90fbdc8c6,0.3518537380321858
ck_b138fc249e659e60,0.4103177836626604
ck_e73caa3771ec5e0f,0.05927887553473213
ck_18a55b06ccccd88b,0.6161132613566918
ck_fdcb1d9265d8fec1,0.7892646160114076
ck_e21a900556b382ad,0.40904461193725805
ck_c6bf67470f526771,0.43476268079038505
ck_b568ba3837afb39a,0.027907924220818902
ck_a2858979dd5645ef,0.1489101650030556
ck_1da9d40837ebaa57,0.6077612548380527
ck_9341c7959543c542,0.030046852719494806
ck_c8ad86806b9a2369,0.7234161743735995
ck_5c85d93ecfed4b0e,0.23574047667549397
ck_f07b09879d697b82,0.1914341006314932
ck_fe43da07608b1749,0.5586677531065389
ck_4bca22b5926b9c28,0.23879608881645958
ck_aba573aa942b1d41,0.4424017111427989
ck_57c14e32fa4683bf,0.14987777551436138
ck_891530b489ce402b,0.14636382155225097
ck_5e74fdadb93ff293,0.6987675697698106
ck_14436a409ebcc90f,0.5004583418211448
ck_00013fdfa0bd37dd,0.397484212670605
ck_7dbe24ba01316775,0.4318089223874516
ck_0e3f80c1553c591b,0.5336117335506213
ck_3edc45db58760d76,0.16021592992462824
ck_29076a13f539187a,0.9178040334080261
ck_b1e81b58b9a545ce,0.8359645548991648
ck_3f8571d4f7420b2a,0.8349969443878591
ck_7dff6abe4bd644dd,0.9424017111427989
ck_2884bab237af16b7,0.39621104094520265
ck_231e6dd1fe708000,0.11921980036667346
ck_33ecaa7b892e73df,0.36209003870442047
ck_b109ec4c63503030,0.31004277856997353
ck_a7f522382509cef1,0.11071501324098594
ck_748b3ea941d8b3b9,0.3628030148706457
ck_29f3a1737a2d9634,0.30260745569362396
ck_cee8d42475a0f020,0.8367284579344062
ck_c6b6ebe145a8ffab,0.2063556732532084
ck_21c99e1d6b881894,0.05719087390507232
ck_5ad798286384484e,0.6724383784884905
ck_b621b6ffcc7f4848,0.19469342024852312
ck_ea819e337233475c,0.9348136076594011
ck_9e3896c2668ce06b,0.6454980647789774
ck_501dcf1ead036d2b,0.3072418007740884
ck_8d5eda29a2cffa3c,0.2326848645345284
ck_4d3aa36ff83f1132,0.9221837441434101
ck_8e9faf94e3e6c757,0.029486657160317783
ck_ce0ec41f96951048,0.802607455693624
ck_f09165d73ee903b1,0.23105520472601343
ck_a432b1bf1d3b3d5e,0.893664697494398
ck_ea618f720ff0b4b0,0.3191586881238541
ck_7584e7bd755cb28a,0.44005907516805864
ck_e14681aad43e1a72,0.6492157262171522
ck_5e18870d8e30e379,0.7561112242819312
ck_ff7c26a62bda8089,0.0064167854960277045
ck_cc5a35175d381d5a,0.11708087186799755
ck_3c25029e40aa8a84,0.21536972906905683
ck_771247b5bc16c12a,0.2150132409859442
ck_664b5e02759f985a,0.2631391322061519
ck_692a9e8f504b9762,0.08576084742310043
ck_df8ad2deb0a4ffed,0.5238847015685476
ck_eb48c0bcd12ea654,0.38648400896312896
ck_7c77e597c951cdad,0.5108983499694439
ck_4f75144c6f3b13ad,0.5481258912202078
ck_1bcff399166d7c43,0.3932572825422693
ck_975c2aa3d4a8c51a,0.3531269097575881
ck_bc6f07b06aaa4ce3,0.8983499694438786
ck_80b072b7f3c7e8e5,0.3777755143613771
ck_471e4018a23b4e56,0.10974740272968017
ck_53cddfba570b4a3b,0.375534732124669
ck_630530e50764f229,0.4842635974740273
ck_dcef7887a4f1e435,0.45818904053778775
ck_2795921a055643f6,0.6516602159299246
ck_7456df89f3792235,0.22153188022000408
ck_5014a3b07e1f049f,0.9400081482990426
ck_d4ec44760cbe03f4,0.40863719698512935
ck_96810ad39d4cb7b0,0.6822163373395803
ck_3222ea25aa29bfa6,0.050977795885108985
ck_f6c42001b84a10cb,0.7937461804848238
ck_5ac86682385c86b8,0.5747097168466082
ck_4280c33af57eb4f4,0.10658993685068242
ck_05f79ddd8eefaa56,0.2627317172540232
ck_3a57a13ce032a6fe,0.060552047260134446
ck_a721f0d635fad68a,0.14565084538602568
ck_a3f821bdf408c326,0.1884294153595437
ck_0ada63008be5685a,0.7579955184355266
ck_8c949bdc6e8720fa,0.820228152373192
ck_c0d2c56f9c722e99,0.9912915053982481
ck_5d2b9e6e087b8dfc,0.9974027296801793
ck_5217b55593a332ca,0.7464860460378896
ck_7a7bb9be5a7e48ad,0.6488592381340395
ck_24cd0d779e866287,0.2136382155225097
ck_7367917891a63771,0.7465369729069057
ck_4b31a8862a857e6e,0.9605826033815441
ck_81429c4910ca46cd,0.08474231004277857
ck_b35d803568f82d9a,0.5484823793033204
ck_4b00e75c2d2d0522,0.07511713179873701
ck_77fced07f6dff42b,0.4131696883275616
ck_3c9a06eb07c300e4,0.07888572010592788
ck_b3867f7f494db64c,0.02357914035445101
ck_0c45e54897ab34e2,0.71272153188022
ck_507a6a580ab55c76,0.5524037482175596
ck_291bffc7809f896a,0.05449174984721939
ck_3753cc5b9d02e2fd,0.1217661438174781
ck_4f63d5245b3ac1dd,0.39636382155225097
ck_9dfb2ae78659240a,0.4898146261967814
ck_90f6f5ced708aa75,0.007435322876349562
ck_8b5b5a6b5539e39b,0.9740272968017927
ck_4719112b55d20161,0.5414544713790996
ck_fec888a7108ca52d,0.9916479934813608
ck_4f5d022c99f118b7,0.6103585251578734
ck_e967ff05514b697b,0.7017213281727439
ck_839ce35819bfa4fc,0.10944184151558362
ck_bdee1221b9addff8,0.18038297005500104
ck_9cde4036d0914427,0.5272968017926258
ck_5ac959cbcc5e98f3,0.11932165410470565
ck_619842688294dabc,0.3819005907516806
ck_7373d7b04c7799bd,0.433642289672031
ck_c1dd3feb9a0b6471,0.4264616011407618
ck_0324a4812ec319c6,0.34757588103483394
ck_7f3685aa2933b251,0.8446730495009167
ck_06aee5a62a67a84c,0.5947239763699328
ck_3428910b44b9d08f,0.6841006314931758
ck_c3ba7534cefc1de8,0.5037176614381748
ck_1f1273a67cbad5e5,0.9620085557139947
ck_124565a11b2f8bb8,0.34217763291912817
ck_38e46bc861e0165b,0.7540741495212875
ck_c8ad3f01319c065e,0.736300672234671
ck_3f94a34f5038f7c1,0.9613974332858015
ck_cee56be5a502fbd1,0.909553880627419
ck_2b90b76cf4d162f9,0.3266449378692198
ck_884b2e463ff1d54f,0.2693522102261153
ck_fab4f2f8531b4827,0.45279079242208187
ck_4fc6256e0e60a926,0.40985944184151557
ck_0a2f8b2f8a5b6f02,0.5270930943165615
ck_9c0deab8a8367c5e,0.01354654715828071
ck_d3a2a4c011fa2554,0.4814626196781422
ck_4108b4038f762817,0.5343756365858627
ck_4df036e2aa7e1056,0.46934202485231213
ck_ec094eb1cbb3efc5,0.07083927480138522
ck_09f8f51bfd2492c6,0.3770625381951518
ck_b60fb9a10d6f4489,0.7221430026481972
ck_3638bc3388dbc1bc,0.8263903035241393
ck_7a58e0cc9943c39a,0.29843145243430436
ck_37dab6a0a536ed49,0.8274597677734773
ck_adc576690df5b33b,0.6100529639437767
ck_1383b2b1875000f2,0.47086983092279483
ck_43c1248db37a2eb0,0.1811977999592585
ck_29c11bd68858e923,0.08438582195966592
ck_9401f9e11f65337d,0.766958647382359
ck_ce5ed372b1a2ed6b,0.7586575677327358
ck_08b4619490e751a8,0.9535546954573233
ck_44b9125526acb05d,0.6474842126706051
ck_ef1a1de20d2124cb,0.6831839478508861
ck_e5e2624b7fc89774,0.5706355673253208
ck_f5100511609b92c0,0.09396007333469138
ck_64f3bb17101b7c42,0.35261764106742716
ck_ea1e5b5128ecba2c,0.07949684253412101
ck_516163fcf04d5e77,0.5780199633326544
ck_7f9a748110d70005,0.2241291505398248
ck_d263b55f0a681cce,0.4526380118150336
ck_0e962eacf98a813e,0.2784171929109798
ck_0406931800e0e2e6,0.27093094316561417
ck_0e9b982afc88a3a9,0.9806477897738847
ck_8bbb625384edebd7,0.10496027704216745
ck_5eaeb87bf6207406,0.9732124668975352
ck_cc3318839c4b0745,0.13312283560806681
ck_08a0355d1f1890ef,0.38785903442656344
ck_af7ffd1a822460d3,0.9009981666327154
ck_2a09c7aa870edb6b,0.32119576288449786
ck_bc04f51c23290bcc,0.31223263393766554
ck_d3a8333cb389f4c6,0.48171725402322263
ck_88e3dd3039508332,0.6816052149113873
ck_b8c7771de9b57705,0.269199429619067
ck_585ababa02383b50,0.4602770421674476
ck_e988c108754cee9c,0.31065390099816664
ck_4a691892d9d6cf89,0.27413933591362805
ck_7cdce37d895eefb8,0.2579955184355266
ck_483fb981a1fb4317,0.16230393155428804
ck_c1e5182bd99e0e35,0.8998777755143614
ck_9a1e3ec9a1839939,0.4378182929313506
ck_5c3f13de0dbd5086,0.3396312894683235
ck_f4f6f0caaab70040,0.3288857201059279
ck_791be3378dd7d64c,0.59645548991648
ck_956dd784525f5886,0.6933183947850886
ck_098167eaf124c279,0.6257893664697494
ck_33ecff7914349ebc,0.2536158077001426
ck_e05d44e46c7174e6,0.5242411896516602
ck_1b2ce474fa6582b4,0.8290894275819922
ck_ab581082e8f72e3d,0.1053167651252801
ck_e63256667aa19070,0.6586371969851293
ck_f568772b6cb3febe,0.44438785903442657
ck_dd89a282375bbab6,0.6833876553269504
ck_a39d0bca345b492d,0.11331228356080668
ck_d12d2924d0f7a64a,0.255500101853738
ck_6a548da1728b5823,0.9887960888164595
ck_6d64193681d2a94f,0.8424322672642086
ck_ced6b6dcdc7c201a,0.3630067223467101
ck_d1b0699d26282871,0.6274190262782644
ck_58f757e40a9b8877,0.5851497249949072
ck_3272c2c4a37d5220,0.9433693216541047
ck_d94dfde9e03c9d1a,0.44189244245263803
ck_08a6d4903a7fbaca,0.6089834996944388
ck_6c72a36b05fa0f4c,0.736911794662864
ck_dbb4bd4eda97255d,0.427072723568955
ck_94b59bbc824b307a,0.16352617641067427
ck_0229a07185f15469,0.2961397433285802
ck_11bf1039f8b3025b,0.43430433896924014
ck_36789ca11459131e,0.7866673456915869
ck_8572c5f5c1447c62,0.38648400896312896
ck_9e75c6641939f4fc,0.709411285394174
ck_b45e47c39d4dc7bf,0.3940211855775107
ck_02903c48b6cfd65d,0.14137298838867385
ck_b153386f1729de81,0.41378081075575474
ck_36979996f33498f7,0.9163271542065594
ck_3c02d4dbbf6716b6,0.4127113465064168
ck_66c9a19963957531,0.8655021389284987
ck_bae8dae7cfd8baba,0.16087797922183744
ck_bba0ccc6cd968680,0.4897127724587492
ck_3267fe3aac05c71e,0.4141372988388674
ck_40052cac10562cde,0.49113872479119985
ck_d973444855403e2a,0.7184253412100223
ck_012519bb095ad36b,0.9957221430026482
ck_ad7c256ea10c4a00,0.7998574047667549
ck_70a60e095e9b706f,0.03967203096353636
ck_f2734417c0db4ee3,0.2750560195559177
ck_9cb89cc3178e0172,0.7051334283968221
ck_779cc0f2de4d5488,0.7879405174169892
ck_35f8656bf93e3b3d,0.36417804033408024
ck_bdd8eba728800e29,0.7063556732532084
ck_002cf760d173f0f8,0.5930433896924017
ck_b046067c6ca3831e,0.28478305153799144
ck_a4a42d4bff8af645,0.224231004277857
ck_bce253d2396681a1,0.5620289264616012
ck_00dafc060c8de32a,0.661743735995111
ck_968a99e097ee78c9,0.6431045019352211
ck_66949171b387bb93,0.4248319413322469
ck_ad305286702b1958,0.12023833774699533
ck_4732da7e0d2dfc7c,0.16846608270523528
ck_17a95bba77217d85,0.7347728661641882
ck_3e2516a3e35067e0,0.20243430433896925
ck_0b615ed566da1f58,0.59762680790385
ck_d2b3ce1ebabe9f93,0.7053880627419027
ck_a892252e4e0c2828,0.31839478508861274
ck_cf606fd6ebfdf9bc,0.18038297005500104
ck_718865237134ebe8,0.10103890812792829
ck_878522cb775b904c,0.6966795681401508
ck_9ed53de6ef779ae0,0.2915563251171318
ck_3f16e2cd7e6874cc,0.37125687512731714
ck_3c59df37895ead2d,0.15094723976369934
ck_6821459b626d492c,0.22397636993277653
ck_11c7667920541587,0.38200244448971277
ck_23a016cf6b98d89c,0.8401914850275005
ck_7137eeb394d200f1,0.6136178447749032
ck_9c4886c5c90ddbdc,0.1947952739865553
ck_1422a7bf7756294d,0.980749643511917
ck_7ebc5fa7f0d3b8f2,0.5781218170706866
ck_fcc2059a8d5c41fa,0.8753310246486046
ck_00ff7389d6a83e29,0.8137095131391322
ck_03129b41457795d2,0.5248523120798534
ck_38ba64efa7c38250,0.5283662660419637
ck_57a6b56b09bff24e,0.5764921572621715
ck_e3b3c5a80a567418,0.16449378692198002
ck_fc40a16adfced018,0.3204318598492565
ck_9d4b5e6b43bad4d8,0.23507842737828477
ck_61129937ee466b49,0.6915868812385415
ck_74112e47b8629c2a,0.7459258504787125
ck_b4703ee97f94d7fb,0.30021389284986755
ck_e560f720a988d8a2,0.9317579955184355
ck_708fea345f68037e,0.19892035037685885
ck_25394c1b83e0b803,0.4858423304135262
ck_17ab24fe914ae44b,0.08581177429211652
ck_16c501470d9bb006,0.1325117131798737
ck_628f449e248c19b7,0.770268893868405
ck_6d64190623dea714,0.47993481360765944
ck_504a45ee08db72b6,0.48737013648400895
ck_6cbb011e0c70bc7c,0.1375534732124669
ck_b3225a98acd04f83,0.1541556325117132
ck_aa37993f1c17cd1e,0.46949480545936034
ck_558cfe5f77a55a9d,0.30968629048686086
ck_0d0a1a021efea5b6,0.7320228152373192
ck_daf7aea023b7a8f6,0.6097474027296801
ck_d75f25184ece2b51,0.14122020778162558
ck_466d4b5366c50b98,0.285648808311265
ck_88f27ab479063852,0.7490323894886943
ck_66779098e78c1760,0.19530454267671624
ck_b150fe4efb449b05,0.25117131798737014
ck_9c3aa9f23d01fa1c,0.2048278671827256
ck_6a01c375fc26705a,0.044000814829904256
ck_002eb6552b504ea1,0.44764717865145653
ck_affa5aa0bff9bb0c,0.3534324709716847
ck_027614eeba8b1a4b,0.43012833570992054
ck_67e075c982add719,0.5401812996536973
ck_399b0d510be98bd2,0.3801181503361173
ck_e9b0bca7368555ef,0.35485842330413525
ck_59c29d9c57b4f994,0.6158077001425952
ck_37176850ed68831e,0.20304542676716236
ck_a0db4ccca08030c3,0.9690364636382155
ck_aa188e5c25f7f42a,0.6246180484823793
ck_7de6997178207800,0.04995925850478712
ck_c729d19053387be9,0.8595436952536157
ck_f2d3e3d90608596d,0.9189753513953962
ck_2db3fb565e0211ee,0.14213689142391528
ck_bed8a480e27e911e,0.5753717661438175
ck_d7ad9921a4d25926,0.7112955795477693
ck_2a59f23fc5194699,0.8202281523731921
ck_63601a58a6120d8a,0.5693623955999185
ck_efd7b9e22c6317d6,0.5539824811570585
ck_9ab42875a0f95b43,0.642544306376044
ck_85cb5033fca7c846,0.741800774088409
ck_5249b223000915ec,0.5556630678345895
ck_3efb0e9bf25612c7,0.36728457934406195
ck_678e74532ac19700,0.5281625585658993
ck_a980b296c95153f9,0.5694133224689346
ck_01ac687ce0d696a7,0.638673864330821
ck_52e1418cf1aa9871,0.5461906701975963
ck_7d28da4f1dab09ee,0.686901609289061
ck_010d0c2e6c1657fd,0.8263393766551232
ck_b524f7a2e752b9d0,0.5654919535546955
ck_cc447fcc24a0772b,0.8743124872682828
ck_2cb3c99845e572da,0.1446832348747199
ck_604c710141327a81,0.2961397433285802
ck_8d5fa65717d2e0c6,0.7150132409859442
ck_31199510b40602a1,0.7262171521694847
ck_49e253ea12f4e922,0.707730698716643
ck_780738e0d71e7e43,0.34696475860664083
ck_2cd21137a07fdd7d,0.22560602974129151
ck_5e021f2a3b66e256,0.5719596659197392
ck_efbc79246e32c66a,0.6400998166632715
ck_9951bd806c13c7fd,0.7207170503157465
ck_7a52674e2806d8f5,0.7183234874719902
ck_1a319e509f1efa1a,0.10725198614789164
ck_c920901b9a4ba993,0.9753513953962111
ck_b71279e807d0b3a7,0.5291301690772051
ck_47e1032f490bb018,0.1855265838256264
ck_192579ecdca7ff83,0.2743939702587085
ck_b1496c474c4a3239,0.1876655123243023
ck_5e68ea2c5e893cf0,0.7010592788755348
ck_f2ecab85d4693b4e,0.6762578936646975
ck_89d7bfc81c3df597,0.5426767162354859
ck_7929284327667791,0.8605622326339377
ck_494ec63c5ce8e150,0.44255449174984723
ck_319b059bb2145586,0.8024037482175596
ck_ccb3767c239018c1,0.10990018333672846
ck_a1c7adfe26e09a8c,0.4625178244041556
ck_0e13c4f73818149b,0.45605011203911183
ck_c285a51ed6214f52,0.7523935628437564
ck_916784595f028226,0.8337746995314728
ck_6cd8e0196365c474,0.24765736402525973
ck_57b657aba4daffde,0.5700753717661438
ck_562c76a3753fc7da,0.9419433693216541
ck_66cfc1ebc9a513c8,0.377775514361377
ck_0f38d4aed68d7d24,0.8034222855978814
ck_d8ddf5e99f7859e4,0.5799042574862497
ck_41bc3efa0fca700e,0.763088205337136
ck_40799e129fcf42c5,0.830057038093298
ck_786f079389126e44,0.48125891220207784
ck_bb4c6b713eb0b978,0.7370645752699124
ck_4f01f7eac0efaba5,0.16164188225707884
ck_47d29c01b20cf69f,0.4359339987777552
ck_bf15a1f8d67a30d3,0.3171725402322265
ck_bfecad7586f65e4d,0.4964351191688735
ck_fc9f16df35190eb4,0.9037482175595843
ck_c09c914e416edd08,0.3552149113872479
ck_c54c5d8e4433b0f2,0.4783051537991444
ck_1694c28f44480e98,0.3154410266856794
ck_1dcaa3078dbb7571,0.017875331024648604
ck_af559f990c640e41,0.2778569973518028
ck_9b436162039a77d0,0.7242819311468731
ck_79d62ef181bd0cd8,0.45681401507435326
ck_23caafc2cd34242c,0.3591872071705031
ck_ffe2aa26f597e552,0.4751986147891628
ck_e6ffd0754ac08661,0.16434100631493176
ck_beaacb4a783db21f,0.22229578325524546
ck_9863bff41d24ce9b,0.5446628641271135
ck_323b9cc5c49f8ea0,0.9511102057445509
ck_ab3de3d3e41c2082,0.3095335098798126
ck_35c93b2924900376,0.26782440415563247
ck_5a9d5f9901e37e31,0.5095233245060093
ck_782b0be796164335,0.11061315950295376
ck_11960b5f1c7a5e2c,0.5954878794051742
ck_9a66cb13a9884cc2,0.45207781625585663
ck_ba666a425930615a,0.08616826237522918
ck_40140bef4db73741,0.5627419026278264
ck_e05e91cc180063d4,0.8677938480342229
ck_c7f6f45710bc050f,0.1704522305968629
ck_055fb9f2e1c8c934,0.6499287023833775
ck_58bb02d98e2b9cd5,0.5165512324302302
ck_d9f8efa6a7800f76,0.27643104501935223
ck_69691226c68fd50b,0.9314524343043389
ck_6f2f0396e5b1c538,0.9818700346302709
ck_78bc3f1d0f35ea6c,0.5046852719494805
ck_2d5a6b6636a2596b,0.13938684049704625
ck_7878545739af0a73,0.1797209207577918
ck_03c4fa4f3ed3512e,0.3095335098798126
ck_1a9e51d092d62c84,0.9233041352617641
ck_9f3861940d8d873c,0.7203605622326339
ck_4684fdd61c6a0fac,0.4699022204114891
ck_715966f86d5c913d,0.11168262375229171
ck_77f293d44b4a3d2e,0.5132919128132002
ck_24dae044dc05f849,0.5306070482786718
ck_00b9818e2064405e,0.8002648197188837
ck_c1c2cb49c3c1b0f5,0.9141372988388674
ck_bed50fc64fbbf8ec,0.3681503361173355
ck_4f6ed5ea5ab7c429,0.17299857404766755
ck_458531c22ec2f9b3,0.18079038500712977
ck_51c50c4c443df31a,0.9448971277245874
ck_732d45bd578dc39d,0.5483805255652883
ck_783fe5bc20cd02db,0.6598594418415156
ck_7f188aaa63d1d442,0.3463536361784477
ck_ef307a6aee38d1fe,0.9658789977592177
ck_e37196b20968b73c,0.7396618455897331
ck_4ef9de711c3d93b1,0.6399470360562233
ck_17946516d5df71d7,0.2003972295783255
ck_3534be0f4efd313c,0.40639641474842125
ck_29fbabf855cabdff,0.11575677327357914
ck_191673540d8486af,0.7586066408637198
ck_5f52728d777ff2c5,0.453962110409452
ck_a045a19369016818,0.9982684864534528
ck_4eadbe7298b15e96,0.39417396618455897
ck_a3a0bd59729fe619,0.43445711957628846
ck_a1e77090b1c6ccf4,0.2306477897738847
ck_69ab9d4784eb77bd,0.43328580158891833
ck_baa47383ffd50f04,0.45818904053778775
ck_e35b2ed08b9e55a7,0.4692401711142799
ck_b6e3af0a5119d9a0,0.7745467508657568
ck_a7c1dabf3869772f,0.7250458341821144
ck_80b8fca67a14e0be,0.9148502750050926
ck_dd9c5f0c42878e67,0.2749032389488694
ck_41ef7967faf5ce82,0.03788959054797311
ck_a93560aa348d6225,0.56686697901813
ck_ffe91d6f0bd93fc6,0.753310246486046
ck_fbf630c960194033,0.29181095946221225
ck_497ed60723283c0b,0.5374312487268282
ck_2a46b7ca55239413,0.37920146669382765
ck_1a4e5ace078dd782,0.7285088612752088
ck_616cc31910f5de50,0.42544306376044
ck_0d65bc749eb42710,0.6598085149724995
ck_2408db62e4395ccd,0.37721531880220005
ck_5d7721930106dce8,0.4468832756162151
ck_e8a6acea22b20312,0.8640252597270319
ck_e2f792fae128b18e,0.8398349969443879
ck_e6d3ce445b86003f,0.2914035445100835
ck_263334d722ecbc97,0.9435730291301692
ck_8c5b29f6666d4874,0.756009370543899
ck_7ea0bf310fc20c7b,0.9527398655530658
ck_54d463f7fd89ec3d,0.7667549399062945
ck_79e45040dbdd6447,0.4026278264412304
ck_60b4d59953505682,0.9514157669586474
ck_fb00dd5021642507,0.689702587084946
ck_f409ff994a210601,0.7105826033815441
ck_2ca0020038bfec58,0.8776736606233448
ck_adf84b9df54c3d80,0.5713485434915462
ck_942dbf632591b65d,0.7533102464860459
ck_454a7e4d859a3409,0.2141984110816867
ck_2139062d4569aa07,0.3165104909350173
ck_e949a0f4df0b3902,0.851955591770218
ck_bb113e3e6716ed65,0.42972092075779184
ck_6a28ea6ce69cb869,0.8078019963332654
ck_7df9910af2bba21b,0.5007129761662252
ck_78aa4b731cbfe251,0.43613770625381953
ck_5839f5cbd8165b1e,0.851395396211041
ck_7158ad9e58769ffa,0.8568445711957628
ck_acee218cbe61df69,0.5664086371969852
ck_f8dc8473c2772729,0.8261356691790589
ck_f34c93a8173555b1,0.5134446934202486
ck_7cf301d075e4e709,0.3812385414544714
ck_b87e88ee5512ea17,0.102515787329395
ck_bed0c020b10afa3b,0.4224893053575066
ck_ca10102961f99eb4,0.2929313505805663
ck_393287947b5c8d79,0.5162456712161336
ck_2fe6cac002142f67,0.6425952332450601
ck_79c7f0d29b1db1cd,0.6348543491546139
ck_c735b643d3cbf67b,0.4083316357710328
ck_ea4332c8fe48e2a3,0.27256060297412915
ck_d39864119cdd460f,0.25626400488897944
ck_3b963d6be2773861,0.15593807292727643
ck_df39e3b8a9fd0bfd,0.9613974332858015
ck_6236a461dc0d11a3,0.13847015685475658
ck_475ebccca25e30d1,0.5039213689142392
ck_c10c8bcf5bcd516e,0.8708494601751884
ck_49ccc3716a564256,0.7955795477694032
ck_4e4f99102f6938cf,0.5149215726217152
ck_a97b481ade6f7972,0.7896720309635363
ck_3fa559c679751b3a,0.6348543491546139
ck_3eba1fd2c7acc4c0,0.8954980647789774
ck_18c179b4afc4fccc,0.3142697086983092
ck_cc1c0b93d05b7d20,0.8190059075168059
ck_742f7c28ddd019e8,0.7479119983703402
ck_04470bc93b8a0d71,0.45686494194336935
ck_6e8f8ef7a03cc6bf,0.5919229985740477
ck_eb1ddfc353b4da83,0.056630678345895295
ck_98831b57c7ca2e4f,0.0372275412507639
ck_a6c7b8d6e8596d4f,0.7840700753717662
ck_cd7d24e3b095e96e,0.8077510694642493
ck_3f5ae4673a9f858e,0.1540028519046649
ck_05f375fc8ae0afb0,0.5695151762069668
ck_1fc98436281ee39e,0.05739458138113669
ck_6c48c58678f64bae,0.17014666938276635
ck_8c95aeec6a4c75b0,0.2977694031370951
ck_364cde38958b7af3,0.9026278264412304
ck_85bf21aa1a00452f,0.4247300875942147
ck_796d3eaabc667c23,0.9965369729069057
ck_ac449ee0c315edde,0.17467916072519862
ck_6f9fd15ac6b163de,0.06533917294764718
ck_4087065be2a45ad7,0.9310450193522102
ck_ecf006bbc78ee3eb,0.8577612548380525
ck_8ca808cc5a49cb5c,0.43873497657364025
ck_94b90ab8b2dfb50f,0.5080973721735588
ck_59fd11b3232de9dc,0.9801385210837237
ck_67f3794d93e2dd67,0.8697290690568344
ck_b7f5acf5df1bb13e,0.1991240578529232
ck_fb04ecbaebb774bd,0.3248624974536566
ck_68ef3e7301c621b7,0.4372580973721736
ck_41406cfa209b6bda,0.35979832959869623
ck_b0f8f5408662337b,0.1638826644937869
ck_0d2901bfe585c391,0.7971073538398858
ck_3398551e81dbf3db,0.6971379099612955
ck_61c3e3e277629646,0.4565084538602566
ck_2825e34dd3e7ea2a,0.45793440619270726
ck_20d7571ba830009d,0.4893562843756366
ck_c98b16f9a72a6568,0.08581177429211652
ck_e7c8a9e4641eb9ed,0.056783458952943566
ck_254a7c97c36dab8d,0.6312385414544713
ck_e98429675b46272b,0.1283357099205541
ck_c2fc0ac460786d02,0.6765125280097779
ck_fba15647b3a140d9,0.34839071093909146
ck_15ce50f2704227be,0.5039213689142391
ck_8c748aaa4a4554f9,0.4653697290690568
ck_e00e82a9419ff086,0.6568038297005501
ck_832341c98254bd84,0.6987166429007945
ck_27466468d06db4eb,0.7438378488490527
ck_9d7b9e3ff1f3e71e,0.32063556732532084
ck_42c6973d3a6fe983,0.11096964758606641
ck_877c85bad118bc62,0.6265532695049909
ck_75d2a2715259c4d7,0.5818394785088612
ck_37d3e5c681a2214d,0.8898961091872072
ck_bf285dd49f372de4,0.6256365858627011
ck_a5bdd026fa9c50fd,0.191892442452638
ck_88d9244a9cf7a77e,0.9416378081075576
ck_5881b174e49b04ee,0.12018741087797921
ck_5b16d67c5ea89930,0.5244958239967407
ck_b75b936aafac56b9,0.18165614178040335
ck_aed2681e1646a0df,0.7499490731309839
ck_f63cb5e8cc702bad,0.3943267467916073
ck_1805fcfc4a9e4ffa,0.9723976369932776
ck_25c355da356c730d,0.5947749032389489
ck_70396398e4a96449,0.19510083520065186
ck_0f743bd13373748e,0.2341617437359951
ck_4b387765f0e916cd,0.1397433285801589
ck_e971faae8a10a260,0.14279894072112448
ck_9eb08369e983abfa,0.21465675290283154
ck_c30c5844512e429f,0.8041861886331229
ck_59e77e3a81f1fa0d,0.6034833978407008
ck_ca4465f2b5c1a52e,0.9831941332246894
ck_c89b9ca398402f1e,0.1641372988388674
ck_36e72ef9273e7a95,0.3651965777144021
ck_2bdd8616870e5e1c,0.38913220615196575
ck_216e87a41de22b5d,0.7182725606029742
ck_60f4fb44f5efe3a0,0.11570584640456305
ck_05652e8ace6ce6cb,0.179262578936647
ck_8c136dc691e65695,0.1396924017111428
ck_a08f8dfadbdca112,0.1754939906294561
ck_bda4041a3e90d860,0.4948563862293746
ck_15dd3ecaa8ce0245,0.9439804440822979
ck_3e3c64b3b7876ce6,0.559737217355877
ck_46225858a38b2e57,0.2800468527194948
ck_0cb9f54928f4feee,0.5020370747606437
ck_152671fbf8a9a78e,0.7194948054593604
ck_ee7a515e87d17d4e,0.2684864534528417
ck_f7276091bf513d22,0.8555713994703605
ck_4f05daf1cf0d5755,0.11433082094112854
ck_83a69c4a5d55ef19,0.701212059482583
ck_c50fed2a7c9198c0,0.4935832145039723
ck_70d19d5650ddc8f5,0.6346506416785496
ck_4b4d99e443618904,0.3684558973314321
ck_dca0b6ca93311ca2,0.8422285597881443
ck_b7431d4706461ec6,0.4757588103483398
ck_7b59d22cadef3b05,0.8737013648400896
ck_53428573abcd606f,0.5153799144428601
ck_f538ab6aecf2adfd,0.04384803422285598
ck_d321249fb065d2fa,0.7036565491953555
ck_72fdfc7e6d8e1436,0.16372988388673865
ck_b52b99dad89ecdfb,0.6125993073945813
ck_d2d4282f9d256b3e,0.12619678142187818
ck_c8f2a1dd8a6141a4,0.04125076390303524
ck_8d38747058d0aeea,0.9190772051334284
ck_3ac528caac74f563,0.6514565084538603
ck_8dbaaa00ad829ca9,0.6552760236300672
ck_7c38ec898f0fc21d,0.15288246078631085
ck_8171ef803f5ff604,0.5589733143206356
ck_01a750db6fc1168a,0.7971073538398858
ck_ceb017baa26e98c8,0.6650539824811571
ck_e2c66c72cc0b0f78,0.7600325931961702
ck_8d9518f64b222416,0.2678753310246486
ck_804c5a1fa5753617,0.3902525972703198
ck_fca7cc9c42695453,0.18308209411285392
ck_3a632cdf2c19051b,0.343756365858627
ck_b2b63ea65edf1dde,0.8220105927887553
ck_27b07021500ee841,0.419433693216541
ck_9724718fe64c6557,0.988490527602363
ck_2786cbc3e75ec034,0.9404155632511713
ck_d9c2622cb6df380b,0.3786412711346506
ck_ae1da8ee98e402a4,0.39804440822978204
ck_62967b91504149f9,0.18644326746791606
ck_6b255bf68709109a,0.31192707272356895
ck_c55afc68421d85e2,0.6118354043593399
ck_7c7266f6ef2a8466,0.629354247300876
ck_885cf685a9541190,0.9783051537991444
ck_1a4bb7d3d2ee3227,0.5917702179669994
ck_b4911c42f3bff740,0.06462619678142188
ck_66f9f78d4c6a3edb,0.6309839071093909
ck_49bdba9ee1899dfe,0.688582195966592
ck_79b235d51718435d,0.8288347932369118
ck_d840db8cfe2ef6f1,0.37064575269912403
ck_610c7bcc1cd7ecb0,0.6731004277856998
ck_cf49b6544aff6c50,0.9226930128335711
ck_de05f97c3d40dd1b,0.8297514768792015
ck_0302f67d75973dce,0.45340191485027503
ck_54c2604c9ca6256b,0.5389590547973111
ck_a1c88c0568f142d0,0.8768588307190874
ck_5d72ff6cc2963d1a,0.25555102872275415
ck_0446920a1004c596,0.14218781829293137
ck_71044c29ef071570,0.5785292320228153
ck_2122e9bb1afffef7,0.4676105113057649
ck_d1e3de178601d3c2,0.705082501527806
ck_bec8324a3587ef04,0.03890812792829497
ck_b616b6f45225f319,0.817427174577307
ck_ce1e695884511479,0.8210429822774497
ck_a662b4bf900781e4,0.030708902016704013
ck_b5a84c5547378c10,0.17432267264208595
ck_f80af368cfc6cb7e,0.17630882053371358
ck_da3526ab6c5c884a,0.6707068649419434
ck_bd20be9a3392d79b,0.35149724994907316
ck_b8266dcd90cbfa62,0.0988490527602363
ck_ac84b33304362c06,0.7127724587492361
ck_794d8935a895e33f,0.7740884090446118
ck_8fea7d915259f1be,0.1491647993481361
ck_7a1519ad5ff45312,0.2064066001222245
ck_9bf3ce30b65f75c7,0.656854756569566
ck_5f864d72d1eead99,0.7575371766143817
ck_3c48e0cfc2a58041,0.9458138113668771
ck_d902183f80cc81fa,0.683693216541047
ck_539cb0d117db8cd3,0.894224893053575
ck_28f530aec8e77130,0.6565491953554696
ck_e7d903c50d353361,0.7177123650437971
ck_d288b77d1e227970,0.5656956610307597
ck_017208fcc01b5d40,0.26879201466693825
ck_7e3923d278a5106e,0.5730800570380933
ck_9700a00ff9e66216,0.5240374821755958
ck_5c36c78b7a4d138c,0.581737624770829
ck_c457e9c9224b773d,0.4132715420655938
ck_1dfa91405d7e66bc,0.2737828478305154
ck_f1d8a2695a575e56,0.17717457730698716
ck_3b92a46daf8d00d2,0.32501527806070485
ck_aab23b5470469649,0.37853941739661845
ck_ecdd01a391610d99,0.2995518435526584
ck_abd3aa292f8edb4d,0.7663475249541658
ck_7fc9a0776e1339e3,0.26522713383581176
ck_c0389ebeb0e65cb8,0.17681808922387454
ck_48d0fc4f6a2109fa,0.9785088612752089
ck_571dee4f3336c7ce,0.45151762069667956
ck_4cedf26628c84f26,0.7408840904461194
ck_63356762d24aab81,0.6676512528009778
ck_2c5bc11bb7ae5d2c,0.9772866164188225
ck_6d26a152f900fee8,0.16943369321654103
ck_c972b0e781efed3b,0.3430433896924017
ck_fa0ecbcf9a33d6ce,0.10516398451823182
ck_fa3a766e49dc77ae,0.16510490935017313
ck_7baf1e55db0dc558,0.5988999796292525
ck_e8bc49e6494c1f37,0.3996231411692809
ck_8ef1d05cc1e53e7e,0.7628844978610715
ck_cef2a485a77e0723,0.45004074149521284
ck_228a583f23abff48,0.45599918517009574
ck_ac32c6e374782b27,0.5336626604196374
ck_b9485218cef413f0,0.358525157873294
ck_7f15503048915d6f,0.2070177225504176
ck_b62f5144db15ad34,0.9127113465064167
ck_917d82c552f95a23,0.5031065390099817
ck_fb4797045077bc6d,0.05647789773884701
ck_2cf8a44e041217de,0.5330006111224281
ck_b7dd681eb3d2ee38,0.1603687105316765
ck_e9e8cacd2fa35e79,0.3442147076797718
ck_342a79f91de5d1fa,0.2861580770014259
ck_2c91f62c05685ed7,0.2784171929109798
ck_e30cb64302939f38,0.6947443471175392
ck_d0e95b90ba86da10,0.44739254430637604
ck_1774faf414a5d49d,0.9634345080464453
ck_2401e8ff89e574fd,0.9444897127724587
ck_0cd8802264e0a1ef,0.6515583621918924
ck_da84a0dfe947fd3c,0.24562028926461602
ck_c8affb27ba7fb5db,0.44189244245263803
ck_bc7ece8787ca7200,0.37803014870645757
ck_469a0578d05990c2,0.11448360154817681
ck_eef67f8dea702338,0.63816459564066
ck_4f490e379e9ded9a,0.1841515583621919
ck_354379de065a8ff8,0.2307496435119169
ck_5db1cb368bc41ac3,0.46134650641678554
ck_9b1c3742dd6fcb8b,0.6164697494398044
ck_63ce4f44c92d7143,0.7123650437971074
ck_e15e3390f5ed45f3,0.5510796496231412
ck_da645ea91d66aa6f,0.8333672845793441
ck_834ca727df855f07,0.5908535343247097
ck_e1d5ad20c737c745,0.7694031370951313
ck_ff8059ae5fa5f1ee,0.056528824607863105
ck_8bb9e75393954a1f,0.10490935017315135
ck_4e1757d1347ab387,0.9942961906701976
ck_af3f74b1d75a5d95,0.7283560806681606
ck_6b1ab0742ff04c3e,0.5051436137706253
ck_f56073911c9f1ab7,0.10409452026889386
ck_51bd5f69b4fe0b92,0.9422489305357507
ck_fc3d95030b81f416,0.06691790588714606
ck_cf78169633a1600f,0.12273375432878386
ck_ad7269eaa65c67f9,0.37690975758810347
ck_cc6d33890d47a6cf,0.8195151762069668
ck_bc8f31f4a2ffa1ae,0.21435119168873498
ck_720776a46e56dfa8,0.240680382970055
ck_e2d1f212f259539b,0.31844571195762883
ck_eaf6f7082c3db2bf,0.7318700346302709
ck_773efe58c6278c3c,0.40700753717661436
ck_c4a72c09f2fdacc4,0.3159502953758403
ck_8982888dd6611143,0.15385007129761663
ck_9d5049e195eda029,0.48823589325728256
ck_de58ef6f9fe2b546,0.3720207781625585
ck_c0b50c11e4f5adf7,0.7712365043797107
ck_ddaf228487858bb8,0.7824404155632512
ck_eb2323215ff70362,0.4341006314931758
ck_168c96a1a636ea15,0.4538602566714198
ck_9c46711b14d9eebc,0.39636382155225097
ck_de8af660806b97b5,0.10521491138724791
ck_6ab83f45bf16eaa6,0.3701364840089631
ck_bf2228a052815840,0.16795681401507434
ck_3f943f20a9da9bff,0.5510796496231412
ck_3baae40454c00938,0.5217966999388877
ck_bc2e771a1d8d2dee,0.7120594825830109
ck_e55f5ca37f30ce8c,0.6020574455082501
ck_4ad5937bef176d89,0.18109594622122632
ck_126531a9126c17c4,0.06574658789977592
ck_7ec423cb56257516,0.6927072723568954
ck_54748ae0f2daaf10,0.579547769403137
ck_ff24776280ceeeed,0.32633937665512325
ck_3c3a1a1365741bba,0.13999796292523936
ck_615277c8a4e2b18b,0.3764514157669586
ck_a96aaef34173aee6,0.5956406600122224
ck_bea56db7f3e930e8,0.23767569769810554
ck_ca491debd3b32a59,0.7015176206966796
ck_d9ea77f4114a389c,0.6988184966388267
ck_322ffda3332d08a2,0.6362803014870646
ck_c40ffefe4e30b001,0.8380016296598085
ck_3b1d7648d4580bef,0.2092075779181096
ck_23981a3261674131,0.25595844367488285
ck_11667f5b9fac7bc7,0.20538806274190263
ck_646bb3c7be5f0817,0.5379405174169892
ck_ebd0a45712dcf07a,0.3095844367488287
ck_baf43bf1bd963f9f,0.522509676105113
ck_e0ca2c819658f6b6,0.9897127724587492
ck_f0d6633d0834fff5,0.6925544917498472
ck_91081be0254878a5,0.6278264412303931
ck_1325000bc7f35b5e,0.01675493990629456
ck_c624b9063400fa3a,0.7807089020167041
ck_0ad6fa0e23c3bd0a,0.8817478101446323
ck_6ddb55b1f23c6cb1,0.7389488694235078
ck_dce1fb3acd65562f,0.15985944184151557
ck_a9aa389688ee5aea,0.27454675086575675
ck_5c5284c45d9ad8bf,0.6416276227337543
ck_9ce743dd3e92549c,0.6698411081686698
ck_8342e08cc2f9bcb7,0.5188429415359543
ck_25e551a0a8d2fcc2,0.6372988388673865
ck_d4fd0e438c97e0c7,0.8039315542880423
ck_ac7fe1c344190c50,0.5600937054389896
ck_ddd65711b5651f89,0.3028111631696883
ck_ec7406cb5cbc8f10,0.10149724994907314
ck_1c65e8d5be3b9c60,0.9263597474027296
ck_38ee42f15a573e81,0.7592686901609289
ck_0e5385c70c6de025,0.37339580362599306
ck_d3137f0f7629040b,0.3054084334895091
ck_9129c92c12e0c8b4,0.10592788755347321
ck_c86520a00e50a926,0.7592177632919128
ck_87f82b2b5fee757a,0.5816866979018129
ck_643abfbd7548d0c9,0.7284579344061927
ck_be51f4e5e6b85768,0.8026583825626401
ck_132c16312f37810f,0.19800366673456915
ck_c78c096ca8cb33ac,0.027296801792625787
ck_2ce5afbc014763b8,0.4734671012426156
ck_50ed8f4e7ae6710f,0.3252699124057853
ck_5a4eb535c9a11993,0.497810144632308
ck_9b665ef46d785324,0.1971888368303117
ck_e066f71f8b296b7a,0.5321348543491546
ck_560bc6017870ab06,0.33789977592177634
ck_fd78f8a8663646d7,0.47591159095538804
ck_4af5ec61ddbde1a4,0.26553269504990834
ck_c2ed04a9d218410b,0.21552250967610512
ck_2455d43bbdd2bb69,0.39096557343654514
ck_56eed7041add49a1,0.898044408229782
ck_5f0be7b468a72333,0.11295579547769402
ck_19660cec756632ca,0.22881442248930534
ck_fb90408f4892a21f,0.6209003870442045
ck_833a65b86a5d9bda,0.07007537176614381
ck_2ac36e1dff211d38,0.4690873905072316
ck_c00e70606904539a,0.44662864127113466
ck_ba8affe4b9505a95,0.9231004277856998
ck_0c3dd22587b08018,0.6935730291301692
ck_618c4e5cfae99dcd,0.7495925850478713
ck_c9690baddfc4177e,0.1728457934406193
ck_59fae092fb0c4aa3,0.5530657975147688
ck_e03b7d0fa0b28f4b,0.19438785903442657
ck_d451d24c780b5884,0.2154206559380729
ck_e980d325b8dbb8dd,0.22861071501324098
ck_cff18e2d8c520272,0.07980240374821757
ck_a0e46b67e986ab56,0.7317172540232226
ck_3a469039a5b9d963,0.4667956814015074
ck_12cbb211ebd2b437,0.5848441637808108
ck_b8cdd6d6dccc4554,0.45457323283764517
ck_794ba5921cef50c9,0.4389386840497046
ck_2c7667f64edec2b5,0.37064575269912403
ck_7262b4e0c29c942d,0.5225606029741292
ck_5d818522cbfe2a54,0.7045732328376452
ck_de39c1947fb675ee,0.8802200040741495
ck_c021495606b4735e,0.4721939295172133
ck_1fc03ba33edd9e67,0.5266856793644327
ck_a6fe344bbf67f14b,0.4664391933183948
ck_963762210edc5694,0.6200855571399471
ck_d064428b7e7dc409,0.15929924628233857
ck_59be61b53d971611,0.4677632919128132
ck_ec8738ec663cd2eb,0.6068445711957628
ck_59d086fab5998646,0.5572927276431046
ck_bd32dd3b2cbb7888,0.998930535750662
ck_ce0166addb93bbad,0.19586473823589326
ck_7c0fdfbb447cdc04,0.3123344876756977
ck_cb1bd7635968ed8c,0.901303727846812
ck_66f94903177f20eb,0.25529639437767365
ck_1d7cd5dcbcdafd7b,0.9532491342432268
ck_5e418a7c04437b4a,0.7449073130983908
ck_631ea1ae91ab333e,0.6077612548380525
ck_0a8029e79a5ae7ce,0.7431757995518435
ck_c4cca8278bdad9b9,0.07888572010592788
ck_4dec3df58077a257,0.9004888979425545
ck_609c249edd88c565,0.32053371358728866
ck_02e5f9cbbbf2f078,0.6109696475860664
ck_32e486859130458f,0.9604807496435119
ck_21ed2ea6386c5a07,0.011203911183540437
ck_1242aa4496576a99,0.1898044408229782
ck_475ea9aa6d3898b7,0.7732735791403544
ck_fe1b1adae3be70a6,0.9664901201874109
ck_c5414d7a8031d4f5,0.18975351395396212
ck_ca1f6f01868e978f,0.8572010592788755
ck_5eff0208c74ec714,0.3969749439804441
ck_a315c9619a317609,0.46796699938887754
ck_2b87683c90acb852,0.6131085760847423
ck_7cd9f39c50748ed0,0.5578019963332654
ck_16a06d58d71935bc,0.8686596048074964
ck_d116e0e7c19b878e,0.9660827052352821
ck_931510e384b1d0cb,0.6160114076186596
ck_e7651fb87bb24132,0.06834385821959665
ck_88ef9f85948e1a01,0.3665206763088205
ck_17bf38d51115a8f3,0.19112853941739663
ck_2659d1d3762a2825,0.45080464453045427
ck_a7285955e2852686,0.4684762680790385
ck_f2c33d5b65b321db,0.6554288042371155
ck_83e5979334345622,0.6664799348136077
ck_629537d8b4d0f395,0.23579140354451006
ck_72022008a92c9386,0.698411081686698
ck_2973b8274f0bf69b,0.6906701975962518
ck_565e3418d2f4061c,0.5782236708087187
ck_54bb53b8f8ea32ae,0.9830922794866572
ck_af0a6540ea7a36b2,0.4542167447545325
ck_888651bfc2c8cf70,0.5287227541250764
ck_1dedcb48ac381a1c,0.8694235078427379
ck_f73273e220296be8,0.663373395803626
ck_8424bf65223a5a9e,0.2951721328172744
ck_337b930fd149a696,0.26461601140761865
ck_8a4952de8a123ef8,0.10827052352821348
ck_884168153c9c0c81,0.11361784477490323
ck_fdda581aec411010,0.07684864534528417
ck_2b7cadbc8b180d32,0.9590547973110612
ck_8aa8b9968233a1ab,0.09487675697698106
ck_0af18b3ce015d294,0.10287227541250765
ck_8dde670a735d1e90,0.7971582807089019
ck_62f46226f244139f,0.7840700753717662
ck_f948e8a8fdd79b4e,0.4420452230596863
ck_fa00aa0f3e859904,0.5411998370340192
ck_fc7935f784a4f249,0.5106437156243634
ck_e7501307c0698e5b,0.6117844774903239
ck_549ed417f2834cee,0.49404155632511715
ck_fb2a35571ec719d4,0.873395803625993
ck_25822068c86c856f,0.05143613770625382
ck_8f35d229b62c8f23,0.19825830107964962
ck_bdcf049c1e7d0c95,0.2034528417192911
ck_0aa9db36eb16422a,0.06223263393766551
ck_42dcf92e9e016922,0.8189040537787737
ck_42341cf31c08c981,0.35567325320839277
ck_0b20bfc515ba42a2,0.7097168466082705
ck_0ec820b670d48098,0.17345691586881237
ck_1f0bafec397da8e4,0.6954573232837644
ck_82f07504ab59ed33,0.659502953758403
ck_337b24a474010abb,0.9897127724587492
ck_703703bda38fdcf8,0.5591770217966999
ck_01e7960c63dca3a4,0.9779995925850479
ck_be5bd81e3715cb8f,0.9651660215929925
ck_197f8058cea1fbea,0.0451212059482583
ck_eb3fb1106f2f1b21,0.7754125076390304
ck_658b4b54be09a4bc,0.9888979425544917
ck_266ce7ccf41ccc50,0.5602464860460379
ck_110608c3b03d4038,0.9345080464453046
ck_1be8cb95d6d9bbf8,0.2551945406396415
ck_8e16a64a776afa82,0.9077205133428397
ck_34bd190d37eda534,0.7284579344061928
ck_4f521611ae14ae66,0.10908535343247097
ck_d839798f9520363e,0.8362191892442452
ck_d1bbfd246c0ac9d5,0.546649012018741
ck_f19030e6e85a6776,0.6762578936646975
ck_cdabe60ab59f9d5a,0.5501120391118354
ck_bb84b2b30293f566,0.9318598492564677
ck_427b91925952cb40,0.6564982684864535
ck_1078b1e155b5b640,0.5436443267467916
ck_95fdc264eac72fa0,0.3756365858627012
ck_e35eb857c61548b2,0.930332043185985
ck_69bd0b1abea7e1f0,0.8973823589325729
ck_59de511b20c842ba,0.6579751476879201
ck_168e7ea341a36b80,0.20946221226319006
ck_4937cfa6526ea138,0.6305255652882461
ck_bb1a981306b750ac,0.8228763495620289
ck_f42a43e4c3f34ccd,0.19886942350784273
ck_c7ae1d4b3ab38185,0.02113465064167855
ck_bd23cf9bba1dd33f,0.6159095538806274
ck_0fd826fad7ec7cd6,0.6371969851293542
ck_f143641bf3dd0414,0.7217865145650846
ck_ad6d48c20a3688a7,0.33301079649623144
ck_7bda5b5b927b2905,0.8939702587084946
ck_a337eb38eefdcc88,0.6935221022611531
ck_403da2a2d800df9f,0.877164391933184
ck_aa01d5aafde73d0a,0.15130372784681198
ck_494954023f0eb309,0.5485842330413526
ck_1c6820fc38135ad9,0.7113465064167854
ck_0e0bab173622db9b,0.8470666123446731
ck_547090bf35a3b243,0.32705235282134854
ck_d69455220b21dc9b,0.11117335506213077
ck_90b4ac695b9c6bf7,0.19942961906701978
ck_8d2afe17c0082e6a,0.7519861478916277
ck_926b81c0ba528eee,0.5579547769403137
ck_ce36b0c287bd198e,0.7429720920757792
ck_8026e017909aaa6c,0.16087797922183744
ck_dfba788f35d4c372,0.13261356691790588
ck_f09f9d0e0886e0c6,0.2756671419841108
ck_4ffe0366df388604,0.6608779792218374
ck_75bb521de55644c7,0.3446221226319006
ck_81a960fddf79ecf1,0.9739254430637605
ck_8f43459991ea511f,0.3422794866571603
ck_f878b68d66fbfd4b,0.24078223670808718
ck_e84abfc0c747c9dd,0.9667956814015075
ck_3ad3fd3cceb56b66,0.9730087594214707
ck_7cf562578c7f158a,0.12578936646974945
ck_f81a97d350397306,0.7886025667141985
ck_255d87b7fb40caa5,0.41668364228967203
ck_b3905153b9eee924,0.4251884294153595
ck_2c80a592fb4cd6a3,0.11000203707476065
ck_57deb202d4188a29,0.3610205744550825
ck_e3cb5f31d8e94448,0.9794255449174984
ck_0db62d5f7f75f80f,0.39885923813403956
ck_ced9163ea85589ea,0.510389081279283
ck_e16528edc694fb33,0.9730087594214708
ck_78cc5ec4940fec3b,0.1575677327357914
ck_31742076e9a998f8,0.7067630882053371
ck_5ac335f02280271e,0.41571603177836625
ck_7cc2e091806cfa5b,0.6031778366266042
ck_3152c7115257f084,0.3675901405581585
ck_ab1b9d019921bca7,0.308667753106539
ck_c33a762d98f9b290,0.13439600733346913
ck_b16a7c51b6f7a6b1,0.777958851089835
ck_97402a153348e68f,0.38001629659808517
ck_95391029a21caa24,0.8270014259523324
ck_c2015a1200971fe9,0.3761458545528621
ck_ed4427962c68918c,0.9788144224893054
ck_c5e4a17d3efb19a4,0.9212670605011204
ck_8aec3d3dd51517c2,0.06391322061519658
ck_f5178a658225d8e4,0.1811468730902424
ck_8594f165e95316d2,0.1920452230596863
ck_f0c4aac04076a6dc,0.3783866367895702
ck_ac2f7397801036ef,0.7155225096761051
ck_d1ea4bcc407c7d5e,0.4226420859645549
ck_cce8b6657a538fe0,0.4097066612344673
ck_66d0c6d6b67a8d58,0.27098187003463026
ck_1a6b30320835e57e,0.6481971888368303
ck_8cd274cc85aa35d1,0.5217457730698717
ck_ada46085a78280e4,0.5370747606437156
ck_ce1b06623e4a815e,0.14122020778162558
ck_45e70c8a9686580c,0.7503564880831126
ck_0084d8ab6b1044f3,0.4657262171521695
ck_a5f7b6fed6df2aba,0.86509472397637
ck_94940d783e7988e6,0.3138113668771644
ck_00f9ca84d1d8ae7a,0.1440721124465268
ck_0deb56f3f6452818,0.13419229985740477
ck_a58e900469dfc3f0,0.39997962925239355
ck_028c41b195280980,0.19306376044000814
ck_7661d7ceaeb19f97,0.5517416989203503
ck_6957905a65c47879,0.6594520268893869
ck_f7c6c26ef3c4ae06,0.5240374821755959
ck_8777beb11aabd66d,0.26166225300468526
ck_7db098a17374bbf8,0.976981055204726
ck_66aeb00e44486cda,0.9006926054186188
ck_838c52cc1d315ec3,0.7017213281727439
ck_1745847cd4e5dc83,0.38510898349969447
ck_201687857ec8b3cc,0.532898757384396
ck_81818169208a8cda,0.6634752495416582
ck_3303fd3f64632c7c,0.7742411896516602
ck_edf1096809e83ef8,0.07751069464249338
ck_235ce9603c7dccbf,0.47387451619474436
ck_9df7e153868bca13,0.19005907516805867
ck_3cfeade2cf270fee,0.3288347932369118
ck_982b0bf2e2b6c4f7,0.0637604400081483
ck_faeb0da678bb86c0,0.48187003463027095
ck_e86ad2fe815b6ed9,0.379965369729069
ck_70d69e5d1bb99e85,0.598136076594011
ck_7e9a8924eab779e6,0.9755551028722753
ck_019d5891103e7da3,0.3627011611326136
ck_14f0484b3817eda5,0.643053575066205
ck_85de63d278f0fbae,0.03946832348747199
ck_ae91b4cff57fb3bf,0.5508759421470768
ck_2a6d43b9f883b78e,0.9494805459360358
ck_7a4e3d553e8ab5b7,0.9140354451008352
ck_fdf89dc69f700f84,0.819617029944999
ck_f92e04024bf13558,0.022815237319209616
ck_4a522ca2dc4831a0,0.08031167243837849
ck_68ba25dc3385fea1,0.7501527806070483
ck_22128a4f0d033422,0.5122733754328783
ck_5b52ee0a13c71590,0.08744143410063149
ck_59472d17debedafc,0.4843654512120595
ck_9dde2c63acda3ba3,0.3486453452841719
ck_7510b1023cd08531,0.11947443471175392
ck_071ddaaf2e4e3671,0.4452536158077002
ck_1355db6f4010232a,0.2894173966184559
ck_0a7adc2f27f98510,0.8926461601140762
ck_68250033717cd59e,0.285648808311265
ck_7c12de74de30b788,0.9404155632511713
ck_65491367584c730c,0.5656447341617438
ck_e9047964952bee70,0.5993583214503972
ck_5567779d6ba184eb,0.5486860867793848
ck_d6ea026357ec6477,0.5189957221430026
ck_cd7dcc884e283746,0.7515278060704828
ck_0bd77fea8ed75a15,0.6849154613974333
ck_e80883208e8d0453,0.440772051334284
ck_2ad0ecbacd5acf8e,0.9773884701568547
ck_6c1dbee7e8fdd5c8,0.5169586473823589
ck_ee4d9a7449515908,0.26451415766958647
ck_636111f7f030496c,0.23441637808107557
ck_2c629c657f73941f,0.5022917091057242
ck_c1c9d3842d758420,0.7237726624567122
ck_e4df7faacdfe8c40,0.533968221633734
ck_94e8142728e44380,0.5255143613770625
ck_765aaf42c5088545,0.3602566714198411
ck_e0f845159b6e6a4a,0.6865451212059483
ck_5bc07deb82edbad7,0.026176410674271747
ck_713159c5c6a7a4d0,0.9982175595844367
ck_b08afc91d9ca55db,0.7414952128743124
ck_a7bc323ffed2ea97,0.8918313302098186
ck_85ca825f905a34a1,0.5654410266856793
ck_33160c443d4b3f19,0.5620289264616012
ck_832d39c590a3ca75,0.9575269912405786
ck_7d1661a34164406e,0.9877775514361378
ck_c2466fc40fc9d5ed,0.9796292523935628
ck_ed0e776c0926ce67,0.7414952128743125
ck_cdd2ebeec75bfa69,0.7032491342432268
ck_d7877684c7923ec3,0.2890609085353433
ck_7384d4d2406aabf4,0.22810144632308005
ck_b8e5244e650aa81b,0.8379507027907924
ck_25a1ea40b2d59254,0.18603585251578733
ck_b9e5b318ee4de68d,0.4321654104705642
ck_620d7ae27af83cea,0.25539824811570583
ck_40b4e264d1a12b83,0.9650641678549603
ck_b694c803b62862b3,0.3720207781625586
ck_cbeca201dbade3e5,0.6716744754532491
ck_f9b439c9161c3e52,0.1942350784273783
ck_9880410fcd10a28e,0.09548787940517417
ck_74928f5f91aa12b2,0.8386127520880017
ck_b6673bbe61d2680d,0.6709105724180078
ck_53c8315b5c30acb4,0.22305968629048686
ck_78f01d78ea79642f,0.44576288449786106
ck_8582490d6e365a63,0.29944998981462617
ck_af25c72d16299258,0.07027907924220819
ck_7905fe8e257b0449,0.8955999185170096
ck_0d16d9349e4a9e08,0.5554593603585252
ck_31b16b8848584e98,0.5124261560399267
ck_67207e3eecc02d76,0.7615603992666531
ck_e6b95ff91116a592,0.4740272968017927
ck_c08f622bcd6de6e7,0.5636076594011
ck_f9a68da9e0f0bc85,0.08688123854145446
ck_4072b59388976896,0.34803422285597885
ck_8ec86e853ad52828,0.8508861275208801
ck_4fecb87eaffd5cb5,0.3695762884497861
ck_d6880578428b965e,0.8761967814218782
ck_bfc82b3c1c9f2897,0.9537584029333877
ck_c340644176ca03e7,0.5391627622733755
ck_321e740066fb05c3,0.8994703605622326
ck_8929d2eb09872052,0.6292014666938277
ck_205c107cec528414,0.9284986759014056
ck_e76db7d2562f9836,0.47041148910165004
ck_9ede51c8434cff6e,0.6823691179466287
ck_492e4b89c61b7b6c,0.48441637808107557
ck_9385f5a1eeebefcd,0.8180892238745161
ck_ee52c7bf88f952ab,0.4728559788144225
ck_d8116c34302021d7,0.0838256264004889
ck_01645ea51972e99a,0.5333061723365248
ck_7b45ed23304a854b,0.4506009370543899
ck_2096d32f3d497ea1,0.8923405988999796
ck_dfbb2056f1ef7d3b,0.45997148095335105
ck_938ce30c864bc7df,0.06997351802811164
ck_ff30dda2c881a4bd,0.9361377062538194
ck_f88c79186a082beb,0.6215624363414137
ck_08c7bb0f9851cb76,0.9118965166021593
ck_2675e7a008e584a7,0.8689142391525768
ck_cbaf8a954281d4e3,0.9784070075371767
ck_8b24eadf6c72b30c,0.9548787940517417
ck_ffc8e3c1377d0706,0.326186596048075
ck_5b59e859bed5b40e,0.6600631493175799
ck_7b61717f172f9317,0.971480953350988
ck_e5c30947b732f661,0.870034630270931
ck_bc273f3ce79f7e1a,0.3208902016704013
ck_f69e93388b3028cb,0.8562843756365859
ck_3837ad850996ba60,0.5450702790792422
ck_36d78ff3bc033ee5,0.7091566510490935
ck_5e20953547ba4135,0.8703401914850275
ck_258d661e450ac870,0.5846404563047464
ck_1df66f537496ca59,0.722041148910165
ck_361f535599110201,0.707781625585659
ck_337e98c69f6e7886,0.4141372988388674
ck_d3d5b2717cfc3913,0.6927072723568954
ck_b1dba768dbe7affe,0.7047260134446934
ck_92d782bd9ce0d1e3,0.46012426156039926
ck_26bd0f8898afc8ba,0.2004990833163577
ck_7916e53daab36745,0.7880932980240375
ck_2caf553b31831a50,0.6808413118761458
ck_c6200734c7f9b2f9,0.9644530454267672
ck_cdc55623cb16e6a9,0.473110613159503
ck_57849e15b61c43b4,0.2679771847626808
ck_b7af9b2ee0eebbc6,0.6750865756773273
ck_00aa5fc3b3bc66aa,0.46419841108168675
ck_9929723f65636c7f,0.9924628233856183
ck_8f6cce9f69912983,0.5001018537380322
ck_c422ba389ff00781,0.025106946424933795
ck_9ec7f334604a228f,0.7009064982684865
ck_5d01200ba3341462,0.3306681605214912
ck_2bf10be403849c9a,0.4996944387859034
ck_6ca018259f70858f,0.4239661845589733
ck_a54dc042ebb7c766,0.9075168058667753
ck_79da63fc100830b5,0.6064371562436341
ck_67ab6f9e05c85085,0.6091872071705031
ck_fa80da579ea9afc0,0.3959054797311061
ck_4339f86c87289222,0.9373599511102058
ck_a2299b4f530be0d6,0.8886229374618049
ck_19db0bf788697c2b,0.3870442045223059
ck_fa4211c4d826d830,0.040690568343858216
ck_96100d5e8e051e91,0.3739559991851701
ck_5c3a671883d58b3f,0.045375840293338764
ck_2d9524787cfe1ab3,0.9224893053575066
ck_47ab8e51e5b3a2d8,0.3302098187003463
ck_c924f36bc1bbbaa3,0.6802301894479528
ck_5c58e7f8fd55e26c,0.37782644123039316
ck_a07e7409d6d5aa06,0.39809533509879813
ck_c8413898f5f7cb7d,0.7338561825218985
ck_577c816b41cab002,0.9386331228356081
ck_9f7807ed64cdb728,0.8538398859238134
ck_495d814d6d6d521e,0.02872275412507639
ck_7aa8bc018c2b003b,0.14885923813403953
ck_7c3a6a82f3c3241d,0.4367997555510287
ck_487f7fbc290e4ae2,0.16734569158688123
ck_e556c4d36aadbe03,0.1253310246486046
ck_7e6569a1b2455cb0,0.05428804237115502
ck_de2924955926d046,0.6800774088409045
ck_73d60b4630e3937a,0.1202892646160114
ck_805ee564bd35ef15,0.7013648400896313
ck_0d40961e47797027,0.08346913831737623
ck_f06d00a4f9c87d80,0.292218374414341
ck_5ef50fb07b6737d5,0.35546954573232836
ck_16541fc15683e21c,0.26619474434711754
ck_09fd43f1b7e2eca2,0.07623752291709106
ck_2a2c336a69b8d68d,0.5880016296598085
ck_2685f38930866af0,0.7185271949480546
ck_298278a9da874437,0.4747402729680179
ck_00bd7803f2530c68,0.43079038500712974
ck_c2b4a1d8c0b6c1cd,0.07796903646363822
ck_2acb54ca20c3af6c,0.3844469342024852
ck_e3d4b6f681c783ab,0.691332246893461
ck_f90293f1eba5d7b6,0.8318394785088613
ck_e69d27e8965df0be,0.08245060093705439
ck_b7f5d10b427346ad,0.3345895294357303
ck_1ce20e4223a936b1,0.5002037074760644
ck_6b97d1ab90f6bdeb,0.7506620492972091
ck_e30e17db5473c7b2,0.336066408637197
ck_154c8efb19dee665,0.6374006926054185
ck_6f5bb0c930644cae,0.9984212670605012
ck_9e17699baa83d173,0.2640558158484416
ck_9693b1eb70880205,0.22743939702587085
ck_1e97899875bb427b,0.39453045426767164
ck_558a82590f65df69,0.0666123446730495
ck_18df83242ff3cdbb,0.8153391729476471
ck_80ad4396e1084c68,0.5796496231411693
ck_0a993bc947bab61f,0.870034630270931
ck_5c2d43ff841632f9,0.5070279079242208
ck_6e4b99fb9725d9fa,0.37507639030352413
ck_e0983999ca26c19e,0.7662456712161336
ck_6573c4947cc8607e,0.7578427378284783
ck_d879d645d6e44207,0.3824607863108576
ck_1375ad9f10688e4a,0.1548686086779385
ck_7501ebbf4e21f160,0.47713383581177427
ck_ca60d61cd4dc3bea,0.26548176818089225
ck_ab9ea095a5c58b4b,0.46598085149724994
ck_23756522b58df5d8,0.05556121409655734
ck_90bc176c43d85fd5,0.8749236096964759
ck_908b663b2dda94ad,0.6441230393155428
ck_4df2fb8e4b649e27,0.5030556121409655
ck_5615c6bbdef05291,0.6445304542676716
ck_b62f3e3185251f71,0.11519657771440212
ck_38d1a22850178f33,0.046547158280708906
ck_5b3ba20c8bb1383b,0.49943980444082303
ck_5576ffc6aaf6f22c,0.12874312487268283
ck_cf7a022178165e56,0.23767569769810554
ck_f2c7a4c50e2ede96,0.4942452638011815
ck_285719c77eadf915,0.07842737828478305
ck_f2aa1b677619ab19,0.6759014055815848
ck_3830c58d841e9e69,0.9313505805663067
ck_32eba3510c8eac5e,0.5114585455286209
ck_8955d7b9030d5eb5,0.5150743532287635
ck_6775e387dace7525,0.7126706050112039
ck_0a0cd7f4be606a93,0.7989916479934813
ck_a9f700eee5d638df,0.5007129761662252
ck_3d7db96995745472,0.6932165410470564
ck_aeed557007d52e9c,0.2048787940517417
ck_79b6a86830156b5a,0.6433591362803015
ck_6a1ff9d69466181c,0.9980138521083723
ck_f11b1565f986f5e3,0.48869423507842735
ck_4819327a78615485,0.11112242819311469
ck_3ed9e081959b2f5c,0.5258708494601751
ck_16af4be191c47d3d,0.04471379099612956
ck_25122cc0e8b1a662,0.7931350580566306
ck_509c22828d467ba3,0.7358423304135262
ck_31109c899336348d,0.16953554695457324
ck_c51131e53baa59c7,0.25590751680586676
ck_cf8ecabbc61d3e11,0.3896414748421267
ck_eb6baff0f85ba936,0.4020676308820534
ck_777669e2243204f2,0.9693420248523121
ck_ac0ea27e692acdc9,0.21048074964351193
ck_4c6ea04ce8ca9e2c,0.1870034630270931
ck_ca54b32fca7e94cd,0.30754736198818494
ck_4dfd8947f540eb24,0.28269504990833166
ck_95aff1fe27fb24bb,0.6137196985129354
ck_c7550723b90e5615,0.2605418618863312
ck_57b3fee69bdf85e8,0.08632104298227744
ck_f823407ace7ff064,0.6007842737828478
ck_a69084a068bcc8aa,0.6350580566306783
ck_c7b17f7b24bef5d7,0.40216948462008556
ck_7c4e588f927c27c8,0.4540639641474842
ck_77fdac602d0c6f95,0.6798227744958241
ck_e963d8525018d072,0.531778366266042
ck_6e8ebaea8f7bffaf,0.23772662456712162
ck_aa42976a31cb7770,0.2650234263597474
ck_22c862a496008c96,0.9949073130983908
ck_527550dd15f38782,0.7069158688123853
ck_b3ab3c210e2c7c19,0.6805357506620493
ck_ed9c56fdb9f45ddc,0.9388877571806886
ck_b53281da70defcfa,0.1946934202485231
ck_03009b721568ee98,0.8847015685475657
ck_3d9afd862b3f4053,0.9137298838867387
ck_ad3c4be96599554a,0.32007537176614387
ck_d1c787c27d50af49,0.682572825422693
ck_c7a9c7b2eef46a99,0.19652678753310246
ck_53036d3c6c74446c,0.9161743735995111
ck_1b1efbd9c0964c8d,0.762069667956814
ck_d66f42a269d5c1ed,0.6776329191281321
ck_fefc49a2b8ad993e,0.6160114076186596
ck_8b3b874249adece9,0.5524546750865756
ck_193d9c87ad3f1dad,0.07287634956202893
ck_0c6a50d747593b7b,0.5099307394581382
ck_c830f3830875b47a,0.7068649419433694
ck_79e202f06d8dfe42,0.6852719494805459
ck_5c0fe988b8aa7fcb,0.8816459564066002
ck_a8382d8345f21e1e,0.2795375840293339
ck_8cb20053914692d0,0.6451415766958647
ck_1da2f69023ca4c13,0.09233041352617641
ck_38abb60995114f8f,0.7407313098390711
ck_f5791fd8fd8fd191,0.6394377673660623
ck_a4e6fc391b674335,0.9119983703401915
ck_bd771efb4a7e15d0,0.4151558362191892
ck_38ba4a6b6a292054,0.7040639641474842
ck_f7a07283345a0dce,0.11427989407211245
ck_87dc484baaf5a23a,0.3091770217966999
ck_c84ef83489badbfd,0.6257384396007333
ck_a397cd64ec5d644b,0.24312487268282745
ck_7977135c2ff61e92,0.5373293949887961
ck_52174855b243a8b0,0.6945406396414748
ck_0f35e930d0614613,0.9831941332246894
ck_b170a7db522a0d6f,0.5716031778366266
ck_7af748a23775bd54,0.8919331839478509
ck_52f641c9ee6fda70,0.10933998777755144
ck_c3719a30414bbb4d,0.41220207781625584
ck_2baf214ad6bc0dbf,0.5413016907720514
ck_8b39d8aacfdd72b4,0.4154104705642697
ck_d39b0152116203be,0.3389692401711143
ck_ed33f8a937f9c7c8,0.42951721328172743
ck_8ef97b55a5fd6ec9,0.133784884905276
ck_8247f008a14bd1a2,0.10755754736198818
ck_f0d349d68249d5db,0.07027907924220819
ck_a544e766540861fc,0.4662864127113465
ck_9dfaca4c7c80b10d,0.8450804644530454
ck_7e5401c362b2216a,0.0436952536158077
ck_64ff60c073fdb6db,0.536718272560603
ck_fc5ea49518e5d637,0.40471582807089024
ck_580f136ced341298,0.1481971888368303
ck_9cbef9bc95449dca,0.2907414952128743
ck_e475a3b8ba870a7e,0.27042167447545323
ck_97e94708bcf43563,0.5541861886331229
ck_13f03ec785cbdae1,0.06941332246893461
ck_152820d8817f478c,0.3704420452230597
ck_d20d4ba60eec9945,0.547158280708902
ck_5c45968a805132e0,0.5758301079649624
ck_bebea2cf3063fb24,0.4588510898349969
ck_c3c69aefe7ea1d2f,0.42075779181095946
ck_02028b72f26fe855,0.724231004277857
ck_dfadff70a58a9133,0.15425748624974536
ck_6482ed4491bedcaf,0.40415563251171316
ck_754cd7b4a5ae3f94,0.7948156447341618
ck_3132857aec8485bc,0.190772051334284
ck_7ce4ca91b8f9f1c1,0.6314422489305358
ck_41938582f4351772,0.5317274393970259
ck_f87d66946252476c,0.8935628437563659
ck_8053f1879a9b4e43,0.20299449989814627
ck_93892e91387f5103,0.7460786310857608
ck_15254db133b28371,0.8984518231819107
ck_d557b9feb241b3ec,0.03615807700142595
ck_71c3a8e4c12c989f,0.44540639641474844
ck_80e3041811033443,0.6159604807496435
ck_3380d60067b4634b,0.17096149928702384
ck_a9c2cdc758df8510,0.6974434711753921
ck_3c0031d7514da17b,0.6745773069871663
ck_18d214b1418be39d,0.2561112242819311
ck_7ce768407fd48321,0.5138011815033612
ck_7a50abd42298133b,0.6486555306579751
ck_2db10f987d137582,0.6521694846200856
ck_e077d004cd1d80ae,0.40924831941332246
ck_1cb6dc67f9a321b5,0.7793338765532696
ck_b864f64101149c35,0.9097575881034834
ck_9bedf54df9418e4a,0.556528824607863
ck_c47e32c47f0e6578,0.9087390507231615
ck_71f382d5e338daa3,0.28060704827867183
ck_14b4bf7be6ac2b61,0.8002648197188837
ck_5c87eea1cc07cc92,0.6219189244245263
ck_5f445182829ef342,0.7037584029333877
ck_a5d7311291caaa54,0.09900183336728458
ck_b7df99aecef385e6,0.8160521491138725
ck_3327a0582407068b,0.47784681197799955
ck_08dba09fd7dab896,0.7809126094927684
ck_f4ec334be5266378,0.21511509472397639
ck_240f7f894c5a86e7,0.3978916276227338
ck_a9d994554fc14a02,0.01481971888368303
ck_13648cbd306eee6d,0.6598085149724995
ck_601edf9105b3c321,0.9963332654308412
ck_9527adac182abe57,0.9215726217152169
ck_4e0e80f5cc271bf7,0.16215115094723975
ck_96a89e720176b389,0.6961193725809737
ck_63560eec94b76d2f,0.2429720920757792
ck_c9c99e5b19aeced8,0.046954573232837644
ck_bc32655ee5ed643e,0.6290486860867794
ck_edccb5a93b741744,0.19423507842737828
ck_f786cbc987b70930,0.15700753717661436
ck_0e8f26536ccc8947,0.6123446730495009
ck_b87ef4b98cfcec4c,0.7047769403137094
ck_1a9235812de4b2c1,0.6495722143002648
ck_d1ed88ea4211ba4d,0.17152169484620086
ck_a4ddac49657a4450,0.4202994499898146
ck_d9ffca35188e49d8,0.6607251986147892
ck_3db73bbe03c3d240,0.023222652271338358
ck_fffa0622344a36ab,0.14926665308616827
ck_148c28df51bba5e9,0.9631289468323487
ck_076cbc25c8f15fc3,0.9826848645345284
ck_e5ca550b39ed45bf,0.9201466693827663
ck_8dacf3a2061ca17d,0.7106844571195763
ck_2d7394afd61643d0,0.26176410674271744
ck_e42206e91f6a1752,0.284528417192911
ck_2f4f94827984c426,0.02592177632919128
ck_edfe8e90e8f4366e,0.30988999796292527
ck_646b15f753e5e9c6,0.6828274597677735
ck_66600620149c8799,0.2974129150539825
ck_4ff6fc70bccfba96,0.923813403951925
ck_41af3729590c2484,0.3636687716439193
ck_920a48ba8c583e96,0.06864941943369322
ck_0253b3e7be021306,0.09370543898961092
ck_2ae6949246ea2648,0.3658586270116113
ck_db23a5100f338d72,0.23416174373599513
ck_fcb2a559474c3493,0.31701975962517825
ck_0a4d7acd2a53cbbd,0.35944184151558367
ck_c5d62b2b7a6f3bac,0.9783051537991444
ck_cf59f4fc0ea690b2,0.31788551639845186
ck_837be8126bb19250,0.01848645345284172
ck_58955542edee1adc,0.10383988592381341
ck_1b93381d8eea58d1,0.2644123039315543
ck_97b8e05d62abdc14,0.6022102261152984
ck_71a0d645744302a3,0.18944795273986553
ck_a7b57882ab66b111,0.06146873090242412
ck_65f76421be648549,0.25850478712568753
ck_b53ea8713d32ca7c,0.8249643511916888
ck_991c4c924a1d85ff,0.9364941943369323
ck_8432ccec1a4ec7fd,0.9899164799348136
ck_64c1633297f43788,0.2929313505805663
ck_4291fd9c1161d8e1,0.5771032796903646
ck_5e98ed6391d9f429,0.4871155021389285
ck_c7baebe4549fdbb4,0.6383683031167244
ck_6e67225ba59fa5ae,0.6401507435322876
ck_719602def4d35fe0,0.4564575269912406
ck_bdee7c86f5ebe81f,0.5462415970666123
ck_8de38f8c7f91961f,0.5574455082501528
ck_b0b5bf9254700402,0.5071806885312691
ck_7b55d9bb1a250d4f,0.5738439600733347
ck_3954b7b0fd1d6614,0.08570992055408433
ck_f29471fe7c818d6a,0.31416785496027705
ck_9e65a8a2f587691a,0.31605214911387247
ck_eaec5f1a83b66eb0,0.9183133020981871
ck_004fe0daecbe2c1a,0.8835811774292117
ck_d17653a4a2d4a79e,0.7890609085353433
ck_0dd417fcbf19e424,0.6197799959258505
ck_4c99a6eadea143e2,0.8885720105927888
ck_74d602c907ee9119,0.08443674882868202
ck_1aa87cb62acc0ac6,0.6537991444286005
ck_094974d75e29fb2f,0.813098390710939
ck_5ef935ac3d4d3332,0.4456610307598289
ck_b26e4ae47c9107ed,0.8792523935628438
ck_396cea6f95186ad2,0.5612140965573436
ck_48446a9e8184c7d4,0.10852515787329395
ck_31e1ede23247d56b,0.6619983703401915
ck_7afefa349b960a3e,0.2855469545732328
ck_f5e02a3432571b20,0.6926563454878794
ck_64eefec062592c43,0.3380525565288246
ck_a1201284122c141f,0.7596761051130576
ck_1b34c420a4c85a95,0.4654206559380729
ck_d637a011332ba67a,0.3632104298227745
ck_99c0004d8b7079f8,0.20762884497861073
ck_948517bad569b40f,0.7129761662253005
ck_a28d6b1601b472a6,0.35516398451823183
ck_a0b4209feb31f5c0,0.9992870238337748
ck_d6d2c1f6dfc455b6,0.9376655123243023
ck_3f9e6d356d3dd3cf,0.08601548176818088
ck_d08e00c842b75176,0.430943165614178
ck_bfdd232a7c5f2660,0.7873293949887961
ck_2cdad03ed069438c,0.4020167040130373
ck_42317c3eabd0a285,0.9501935221022612
ck_3eb73e56751c704d,0.5275514361377063
ck_ef33c04f4c9e3758,0.5760847423100428
ck_1dc23dc870f1773d,0.30775106946424935
ck_76091f357974a152,0.41729476471786514
ck_4d9eb75e8eee90fd,0.8282745976777348
ck_578f67e69e5d2cfd,0.23950906498268487
ck_3a8ce1cc724229b8,0.004787125687512732
ck_a96887f841e80fc1,0.5456304746384193
ck_d2d4a8f4a9f2c33f,0.20161947443471176
ck_11f85bc705dbe036,0.7331941332246894
ck_7429b3f87528e335,0.41148910165003055
ck_26df74feac7ec51d,0.6841515583621919
ck_c78b2638fadd91ab,0.6653595436952536
ck_7eaad325abe3b50c,0.24393970258708494
ck_fd44e34af620e606,0.4941434100631493
ck_f99738dff854e25f,0.09844163780810755
ck_1ffbce3a239bb264,0.1834385821959666
ck_96c7d52ba0a766ef,0.8369321654104706
ck_cb1c00c300af3f9e,0.3069871664290079
ck_ec3d12848ced99f2,0.729731106131595
ck_26cfd7c3c6c7bf69,0.6212568751273171
ck_7ae86b5a885affc3,0.7388470156854756
ck_3edaa94d28cd48ea,0.38225707883479326
ck_3209c530c9812e39,0.17773477286616418
ck_ea62ebfc1f04b49a,0.28564880831126505
ck_5fc90b4668ea81bf,0.5199124057852923
ck_95654593cdebd141,0.16917905887146056
ck_958c0bd61820147f,0.6569566103075983
ck_8440ef1386c07194,0.2512222448563862
ck_8cd1b68dd74b1375,0.8985027500509268
ck_c9eb4df91ff07f2c,0.7744958239967407
ck_c29489366c01fe65,0.9817681808922387
ck_c965fd6bec0f0ecd,0.5820941128539417
ck_84c402b23766e1f2,0.6301181503361173
ck_181f3dae03b87136,0.7326848645345284
ck_022a8ae79eb28cf6,0.9800366673456915
ck_469c17407d17b706,0.5409452026889388
ck_1fcc5843f39148a9,0.37650234263597476
ck_5debd55f361b2ddf,0.18491546139743328
ck_28cb9b03e89263f1,0.12792829496842534
ck_f067470743d3c7a2,0.8563862293746181
ck_d5d225ce41a1a762,0.40945202688938687
ck_15b4840922195ffd,0.3610205744550825
ck_6bcfa37c717f19f1,0.6460073334691383
ck_8d501a0386c66be8,0.8837848849052761
ck_1a9d6190c57ea7e2,0.9154613974332857
ck_c49832eabdac5bb7,0.11412711346506417
ck_b4331140b2e0d4aa,0.1635261764106743
ck_5efbea1befdefe1b,0.9211652067630882
ck_72ff52c4824072ce,0.7259625178244041
ck_ec3715add8bbb6e9,0.1417804033408026
ck_9822f8ed05335741,0.42172540232226524
ck_c3d7d3d12a1981a3,0.19566103075982888
ck_a115a7919ac5875a,0.5675290283153391
ck_4dd4ed23e0b927b7,0.9383784884905275
ck_4c76efcc1ee6762d,0.541097983295987
ck_3ad6e7bf452c9b21,0.4819718883683032
ck_dcbab304b55a42c7,0.46256875127317176
ck_24b53090faf722cf,0.46562436341413727
ck_187317383400491d,0.51537991444286
ck_e07fd57565c94c28,0.8651965777144022
ck_740e760fdcd27835,0.29272764310450194
ck_d3796aebda1cfed5,0.9614992870238337
ck_e541967c681cb929,0.6952536158077002
ck_431118050b834dcb,0.05566306783458953
ck_90f3655f0c8a0074,0.05235282134854349
ck_13cd943777651aac,0.5687003463027094
ck_66accecabf3901c0,0.5920248523120799
ck_937f0da2306b2eb9,0.14845182318191077
ck_105b0c93573fd5b7,0.946832348747199
ck_00480407160e0743,0.19754532491342433
ck_e032068be7b77d15,0.49796292523935626
ck_991b7dfd69098320,0.06625585658993685
ck_37d47cf0f34574a2,0.10572418007740884
ck_011551a596544f5d,0.19810552047260135
ck_9acd98f4fe2d474e,0.8567936443267468
ck_7c88d3d377bb61bb,0.7428193114687309
ck_e2374c7136c964fd,0.7095131391322061
ck_2fa8f2577116e9ca,0.8201262986351598
ck_d07c5b0321c685ea,0.8986555306579751
ck_bc736114a31088a7,0.5154308413118761
ck_32bb42f9bff197f8,0.48349969443878593
ck_66267bbad1f1415f,0.9892035037685882
ck_19988702ccd79201,0.49276838459971484
ck_f473a03fbcdbc4b0,0.1717763291912813
ck_e3f1d85fa5d49396,0.45105927887553476
ck_c4402ea6291df271,0.7462823385618251
ck_243bd5ca8c4ae5d0,0.36540028519046647
ck_f271e855925e8d6b,0.8869423507842737
ck_e424148c6f2223df,0.1848136076594011
ck_e4d0a9e1102a58b5,0.48655530657975155
ck_91c2a5fe69b9b1d1,0.38969240171114283
ck_5fd8924732fe403e,0.8418211448360154
ck_9a881d5433126ada,0.19632308005703808
ck_73cab88b29c7845d,0.6054186188633123
ck_5b5dea6476d4e182,0.32715420655938077
ck_ccccb17d2ca6ce94,0.71924017111428
ck_cd1dc68e441222b1,0.967101242615604
ck_8312c49b1431a406,0.5457832552454676
ck_25fea39897f2a559,0.30525565288246076
ck_f56200205280bddf,0.7508657567732736
ck_7336611650dcc088,0.7296801792625789
ck_590716322ff147ae,0.5579038500712976
ck_c82364d87875a1a1,0.638724791199837
ck_fa4b60387d744fc5,0.035139539621104096
ck_d841eba8906e9a15,0.1721837441434101
ck_d6df562a79b9d0d9,0.5304542676716235
ck_59a14d2564193101,0.15817885516398453
ck_8530158e3d7f59e7,0.1753921368914239
ck_ac68d707006c12a8,0.3207883479323691
ck_976fac1bb3dd8c58,0.6132104298227745
ck_f854fba8f4adae3d,0.7230087594214707
ck_b98e9c3ec6e7d1e7,0.35154817681808925
ck_803c0b4cf9d4bc1d,0.49821755958443675
ck_76997a33c3ea5107,0.06462619678142187
ck_f1a9d832b700bda1,0.9897636993277653
ck_2bd96ddb8c323d63,0.9931757995518435
ck_9e5b7acf51b1b743,0.8187003463027094
ck_09169f22194fd6aa,0.5603483397840701
ck_6d69e092f9b0848b,0.6801283357099206
ck_9f83fa5a2d3b9049,0.35679364432674676
ck_57bbb19eecb4b87c,0.20355469545732327
ck_e0e9cfabb979f428,0.5447647178651456
ck_b1ff9edc51d42f97,0.5182318191077613
ck_4682fad271d47eb0,0.9804440822978204
ck_ab33fb754c818ae3,0.6286412711346507
ck_b456f62b80e21557,0.24541658178855164
ck_16340be3f2a7fffd,0.07633937665512325
ck_ce66831f6611014c,0.5731819107761255
ck_4610a073bb54d1b1,0.3884701568547566
ck_fd038a7d33a9d6e5,0.2538704420452231
ck_c8198cb4c461304f,0.7942045223059686
ck_1e7de58822000dea,0.07491342432267264
ck_b2a79dd3df560f14,0.6763597474027296
ck_74a06f347b32347f,0.4154613974332858
ck_c6fdb2972417c9bd,0.5217457730698717
ck_d7607a213b800bfb,0.6892951721328173
ck_df65967b8b40319c,0.4380220004074149
ck_329a73dbd585ee09,0.1477388470156855
ck_74991a9e85c3b07d,0.4530454267671623
ck_bb76609b79e0bc9f,0.1739661845589733
ck_f7fc1bd0b9ab1fa4,0.4683744143410063
ck_d111c98b36bdb791,0.1820635567325321
ck_f07e27d125497b66,0.6581279282949684
ck_093e3a7134e11d6b,0.3982990425748625
ck_862c7953bdea48b0,0.26395396211040945
ck_392cf2cdd515c34d,0.4336932165410471
ck_80eb91b0b4001084,0.7975147687920148
ck_5923f53b77193a58,0.8315339172947647
ck_8049f5fce32be185,0.9712772458749236
ck_ebc5a2c6cf88e252,0.7635974740272968
ck_9ea5872f14cce338,0.4613465064167855
ck_f7fbc95ebf584379,0.34757588103483394
ck_bafe82c870356706,0.9820737421063352
ck_278b36c5932d9bff,0.23650437971073537
ck_6a892dd5d05c1649,0.3353534324709717
ck_0734fd90b2cabd43,0.5018333672845794
ck_9b552204498b6762,0.6797209207577919
ck_f6c909c205767956,0.7607455693623956
ck_32f590e87bc3d715,0.08540435933998779
ck_66a8325f28be7562,0.1481971888368303
ck_b129261da9c3c3c9,0.13358117742921166
ck_a524071c51ddde20,0.47356895498064777
ck_ba576d6d4cb6130b,0.9039519250356488
ck_8d8226520722af78,0.7604909350173151
ck_c5b0f0d4f1655a20,0.7539213689142392
ck_61814ae9b6d8eab1,0.13724791199837033
ck_382ebf136f7fa337,0.9061417804033408
ck_423ff4ede6a9f066,0.49943980444082303
ck_546ad962d04b7de4,0.9834996944387859
ck_9473ea4a01c95f9a,0.6689244245263801
ck_9eb1da8cd35a50ce,0.5187920146669383
ck_de5eaa2cdbcb67ff,0.6230902424118965
ck_537cc97d0398c922,0.8534833978407008
ck_998475a2e4dfad4e,0.412813200244449
ck_e62eb708d2688fae,0.5151762069667957
ck_ea623358f704daa7,0.8225198614789162
ck_b911a09f328dfd4b,0.09431656141780403
ck_4b3506b624e5193c,0.603075982888572
ck_448456f96788713b,0.5821450397229578
ck_5d5ef9e75f65d076,0.7798431452434305
ck_3b74512f774a6e5a,0.16148910165003055
ck_a032e8ac1507c6df,0.9229985740476676
ck_7e2d6b22a0ae20c2,0.7463332654308413
ck_d80283209c963f11,0.6238032185781218
ck_d1157eade2ac3975,0.7071705031574659
ck_be48f583f79427f7,0.4426054186188633
ck_0027b5d4107d65d8,0.7033000611122429
ck_94fff69584dd3b2a,0.7323793033204319
ck_75fcda73f0b43557,0.558667753106539
ck_a1c78972e4ee4082,0.7355876960684458
ck_f0982bbdbd122f91,0.25947239763699326
ck_3199b471575aeb3a,0.34487675697698106
ck_7fa947a0b1c1cf74,0.7134345080464453
ck_a60c618b7f0e4252,0.3468629048686087
ck_722ac47c8ac9b6c3,0.8662151150947239
ck_d44dc3839a195c8a,0.8539417396618456
ck_a2c3e82fab520483,0.3901507435322876
ck_6f8ae0319c07cafe,0.305357506620493
ck_49886ff1e2c759d6,0.6528824607863108
ck_150a1108f936e6b0,0.32139947036056227
ck_e21f9f96f597695b,0.4951110205744551
ck_7297bff2b7fdcbc8,0.04700550010185374
ck_ee949c71f4f702eb,0.9831941332246894
ck_6fc37dea4b4f35c6,0.8083621918924424
ck_e76257caa98dc25d,0.9865553065797514
ck_828eef2334e17b3a,0.6987166429007945
ck_604e1b8a8c693aa7,0.21674475453249134
ck_7743c9fe037d1f9e,0.47596251782440413
ck_864a11202e19e812,0.9172947647178651
ck_4ec040b9e3785e4a,0.09233041352617641
ck_7346e4f820d9c00a,0.9778977388470157
ck_48d4d63beb26b623,0.2420044815644734
ck_c423aa6de3ed1e01,0.26115298431452433
ck_d74b2ead8aaa3f73,0.6350580566306783
ck_1dd69a11daa7bf1a,0.402984314524343
ck_d9143e236eef177f,0.5947749032389489
ck_f790d91e5ff0eccd,0.9093501731513547
ck_69b5620e00ef5dec,0.10821959665919739
ck_cd32e58e8a1c0e85,0.4927174577306987
ck_064013b0957d87a5,0.9963332654308412
ck_a481385c2e60dc4a,0.4291607251986148
ck_d72035cb29db3aa4,0.4964351191688735
ck_3759939a0205306d,0.32674679160725195
ck_f437a53fc832ec95,0.964402118557751
ck_260ef2f3e6434819,0.847015685475657
ck_35e411b05d22f663,0.556477897738847
ck_8bf46e472f3e20de,0.8960073334691383
ck_d546994fc5d3e9d1,0.6668873497657364
ck_6ff0fc7487e737e7,0.9335913628030148
ck_5c67f27816ae0b6f,0.6499287023833775
ck_c5517923458106ae,0.16607251986147892
ck_d9735647a6b0b0a7,0.9264616011407618
ck_541a734fc457246f,0.7048278671827256
ck_2f6a639468f41043,0.30988999796292527
ck_bea2cf7a6b7bb900,0.4650132409859442
ck_7eebd0e6ad6c070e,0.4614992870238338
ck_b64c87d5e3b10e6a,0.9598696272153189
ck_9dd7daacb7833233,0.5640150743532287
ck_396e9ea9a6c6d7d9,0.38332654308413117
ck_1645e6cc53fa99ff,0.7681808922387452
ck_ea2a83ccb8d57490,0.19357302913016908
ck_e64f0df63e1be595,0.8465064167854961
ck_fa0b234481cb57d3,0.5758301079649624
ck_63379e3c9fe6f711,0.7365553065797514
ck_c67f7944896a0310,0.86952536158077
ck_c10e54c9db29e6ef,0.9963332654308413
ck_7184ad7709ae4c80,0.47499490731309846
ck_f8b6069d7577fde6,0.3866367895701772
ck_18444be153bac1ca,0.9788144224893054
ck_d0982b4e0e118e4d,0.4936850682420045
ck_6faf3e6820398866,0.6898553676919943
ck_97e980463aca4644,0.18975351395396212
ck_630c835243c66b19,0.9795273986555306
ck_fe429ba3e1aa0e4f,0.23961091872071705
ck_1058129ed7b48c59,0.5626909757588103
ck_04a1a46f07885296,0.516449378692198
ck_f01e94331067edf6,0.4558464045630475
ck_77b2fb17c29f5e72,0.5948767569769811
ck_4f0c5857da45fb28,0.8568445711957628
ck_2cfb9a7775e8a5bc,0.9799348136076593
ck_6846100e43659bf3,0.15573436545121205
ck_f89719a854fe11d7,0.8104501935221022
ck_bf47375e41ca3bc0,0.047209207577918105
ck_2770b0400a7bef08,0.7631900590751681
ck_2a09d142de1c77ff,0.4880831126502343
ck_857a1f5547b9ad68,0.6208494601751884
ck_185f15b1523bbcf4,0.21409655734365451
ck_ab2aed614ec1cdf8,0.6210531676512527
ck_a9e7f3b2d5dfd97b,0.43359136280301486
ck_0eeb3d9b3e697edb,0.6635771032796904
ck_fa5830d81bc8ddc1,0.04771847626807904
ck_231ae0329ebc3220,0.3701364840089631
ck_1587763dd54688c9,0.13989610918720718
ck_9f85fea4490c00cf,0.5204726013444694
ck_a2d709e7eb91e4af,0.6650030556121409
ck_43637d28c7216453,0.15680382970055
ck_f3ab5dd853d38252,0.5228661641882257
ck_4a1f0172d3bf4fd3,0.32985333061723365
ck_517620ca16505af0,0.4152576899572214
ck_9ae904fbef56065c,0.16938276634752494
ck_d5ef1f6e34bb35b8,0.8040843348950906
ck_ff42557857ae3aeb,0.07302913016907721
ck_ad9a18f58589faa7,0.2285597881442249
ck_df1a6edaa3e6b271,0.2851395396211041
ck_99021fe7225b5a68,0.7732735791403544
ck_99e52c3c2530b69e,0.996689753513954
ck_3a4811dc4a1a891d,0.06681605214911387
ck_ba3a6be026c87079,0.4961295579547769
ck_da6d1e5cf6aba6fd,0.6256365858627011
ck_ddc7c1f3d45fe6e6,0.4253921368914239
ck_e1b1e7a7e4a15b3e,0.19316561417804035
ck_8288f7f226e08b89,0.36631696883275616
ck_c4524993ec31dbe5,0.12624770829089427
ck_8b19bb5b23b6741c,0.7495416581788552
ck_d21b38231a8a9f4a,0.8994703605622326
ck_3f730318a9792292,0.6766653086168262
ck_a4db6e94a8f77f9d,0.7740374821755958
ck_a8cac8d480306839,0.11952536158077001
ck_5472214011fbc2a7,0.1991240578529232
ck_7356f47dbbbe7904,0.12298838867386433
ck_16801e628e883d78,0.5985944184151559
ck_0dc1e536231c4860,0.5732837645141576
ck_7cd0634a6e60af83,0.408993685068242
ck_ef6f8e048ae1bd4b,0.5354451008352006
ck_82f3f744209888ac,0.5496027704216745
ck_f33188c232a03526,0.8511916887349766
ck_4a59f4e10bf45d7f,0.17534121002240782
ck_d96c893721385e4e,0.07695049908331636
ck_f65ab819373edb37,0.5262273375432878
ck_21cac21fc10b7768,0.17778569973518027
ck_139b54e6ccbdd7da,0.7509166836422897
ck_d6f5c8741697abb3,0.7659401100020371
ck_a28d9bb5590d458f,0.9015583621918924
ck_ed26d906883bea0a,0.2477592177632919
ck_227602ad072b838b,0.03203300061112243
ck_39d5f6c17c745ab1,0.06269097575881034
ck_744eade757ba69b5,0.7028417192910981
ck_c1295d97cdf35ec2,0.46042982277449584
ck_69105f881da3c821,0.3825117131798737
ck_933789b55361d7c1,0.9432674679160725
ck_b667952253503174,0.4125076390303524
ck_7bf668e25abeeb05,0.2228050519454064
ck_91742711dfdffd56,0.44846200855571394
ck_af32a0660090dd68,0.7095131391322061
ck_2122f201e65f76ee,0.20956406600122224
ck_f48acb73a5d6af07,0.46139743328580163
ck_337c5684510cf432,0.7487777551436138
ck_f7bde7265053364d,0.5516398451823182
ck_c190c7b924edba75,0.6933693216541047
ck_044fa3b3a003f0b5,0.5857099205540843
ck_87eb43e3b9d96169,0.8264412303931554
ck_2d3d6c9364362017,0.11229374618048482
ck_ac55dc6cbcdf8228,0.48029130169077205
ck_61d7b0568ec5d6cf,0.32924220818904054
ck_89c74feeaffa7d09,0.11596048074964352
ck_93776b0c113f41f0,0.7368099409248319
ck_15e0b679931f7a8d,0.18511916887349766
ck_77b56c49cfdb1d81,0.7602872275412508
ck_73188a826b5f499f,0.389794255449175
ck_4f463ef25325ddfa,0.905174169892035
ck_863db2e394dc47d1,0.9744347117539214
ck_d52432ed597f3cc9,0.33907109390914647
ck_04fb61e5739642f8,0.8304135261764107
ck_2e481d75d110c06d,0.8176818089223874
ck_3fa1a523d77cd619,0.6695864738235893
ck_466dc6274fecd708,0.4575779181095946
ck_e1790b3aa2241b10,0.9667956814015074
ck_84ad096a46e1a960,0.7818292931350581
ck_3be72c9c178fa00d,0.6476879201466694
ck_5a17c89219d1d9fe,0.40792422081890406
ck_4f639f4ee6ce8d9e,0.7718476268079039
ck_f4ec4a935e51b4db,0.8000101853738033
ck_f04040a830f92bac,0.4304848237930332
ck_3e4d02a04be2aaf8,0.5231717254023223
ck_4d1baef193cfb900,0.7271338358117743
ck_0fb3153d37626b75,0.038449786107150136
ck_88ec57a11b11f702,0.9751476879201466
ck_dca9dc465f759db4,0.40817885516398456
ck_64f5fba6af67e024,0.6605214911387248
ck_896096cb167254ef,0.8346404563047464
ck_7878679065876b98,0.6097983295986963
ck_fe8e5a6c880ceb4e,0.3582705235282135
ck_a5e036327d3d1862,0.10623344876756978
ck_310f73940fc4cf4f,0.4601751884294154
ck_46a8db16ad00b749,0.5582603381544102
ck_0d33977c3de8cfaf,0.9954675086575677
ck_c6fff412f531db0f,0.049755551028722755
ck_bac6dadf428eaea9,0.5502138928498675
ck_1b96d9af0d7da2d5,0.36219189244245265
ck_fa8a4a9e77799fcc,0.24251375025463434
ck_0bf48607a874b4d1,0.43715624363414135
ck_eeb75f8a6439f65e,0.6874618048482379
ck_a209a5f7d172125e,0.3091770217966999
ck_8f346b72fb40bf14,0.3709513139132206
ck_bccbf9fef367f00f,0.5242921165206763
ck_2d1548f1ee405cc9,0.24378692198003668
ck_e8298ff2dc1e9d50,0.34584436748828684
ck_77c0fb524edb4a94,0.1862395599918517
ck_28ac4c5134cb8e77,0.6737115502138928
ck_db23a0e3e54be60c,0.9635363617844774
ck_a059d00cee5cee99,0.09477490323894887
ck_3e9e3bba8bd363af,0.2945100835200652
ck_0428728df24cdab4,0.4012528009777959
ck_88cd35378075c84f,0.0773579140354451
ck_0174d76398d9dc0f,0.5601955591770218
ck_3f1287e6c27de0dc,0.2930332043185985
ck_ff822700f3605e06,0.9922591159095538
ck_4563227b2038ae07,0.8853126909757587
ck_788e78065526ee19,0.7030454267671624
ck_8a16eb584093b12f,0.14855367691994295
ck_cc276f71ab6c08fd,0.816357710327969
ck_d61d97b21002f3e9,0.7563658586270117
ck_4b2e87d86a5e415c,0.5977795885108983
ck_3e6f35e4500d2f2a,0.18517009574251375
ck_3acdb083e0d8ad61,0.3130983907109391
ck_cd655202db489010,0.1281829293135058
ck_829cbf5ccda481ae,0.3959564066001222
ck_f5882e6f98b8b4cd,0.040537787736809945
ck_767947540b234add,0.3965675290283154
ck_a6e8e8f535b1f1d1,0.6811977999592586
ck_58412a2674fea506,0.643664697494398
ck_fae7e518a585fa61,0.8075982888572011
ck_9c60ae6958d68dbd,0.8884701568547566
ck_328696b8f5e54ec6,0.770829089427582
ck_7df3f8f4f1068d62,0.1697392544306376
ck_cfadd21458230ef7,0.6138724791199837
ck_7048bedd554c703b,0.05571399470360562
ck_50422466f145bfd7,0.35007129761662253
ck_61e1f7168cd9ff25,0.5155836219189244
ck_733aff0f56f5b3c9,0.7773477286616419
ck_e14892e424180549,0.22968017926257894
ck_03f6664a96de7d0f,0.6151965777144022
ck_b7f4baa2cc82fe61,0.24317579955184354
ck_1e51199a075ca0fa,0.2545324913424323
ck_0e70516fa07cfb17,0.9595640660012222
ck_0f37c554a5057801,0.9375636585862701
ck_5576b725de38d106,0.5382970055001018
ck_82f360df1e9f4eb8,0.7580973721735588
ck_395f3bd4aacd7ca6,0.322927276431045
ck_5e8e857b63966609,0.9219800366673456
ck_93470896f0804b6b,0.9816663271542065
ck_3be854e42e76569a,0.36662253004685275
ck_0567302c57a2417e,0.8045936035852516
ck_ee535461b5f05539,0.9147484212670605
ck_94a096c36162a153,0.410114076186596
ck_dfc8f5c141fd7c63,0.23737013648400895
ck_98b34f2d704c1c2a,0.31931146873090244
ck_96dff7a09d45f116,0.7093094316561418
ck_79557434c129ba52,0.2305968629048686
ck_4596624a7c01d501,0.4855367691994297
ck_04e89fbd739243fa,0.3016398451823182
ck_6149ffaf18872dc8,0.08112650234263598
ck_cd78f0832a09bd8f,0.9416378081075576
ck_7e29c10d781c3b41,0.3526176410674272
ck_1f7ee7b23fc6f2f4,0.3808820533713587
ck_c49b685d2b3ab89a,0.32180688531269097
ck_84569a8fc50e73ac,0.5348339784070075
ck_b92b11d205af91eb,0.1735078427378285
ck_06280e6d6d2485b0,0.25539824811570583
ck_3c08546dd0c92863,0.3279181095946221
ck_99d3983f907828bf,0.19815644734161744
ck_eccfd552aa652d3c,0.32185781218170706
ck_0cff8153881875ba,0.26909757588103483
ck_c1aebbeca6ab5ff9,0.4525361580770014
ck_538fdbbb3c2bcbbb,0.7436341413729883
ck_8c0210322733c718,0.5913118761458546
ck_0b0c93039f987abc,0.531218170706865
ck_6d07d6d1bd227d37,0.7935424730087595
ck_9b6ee35e8cd0b11c,0.16505398248115705
ck_d838491d3d4f5ecf,0.29176003259319616
ck_0593ae243a9ebee9,0.4985231207985333
ck_ef261fc09be8eb0b,0.12889590547973112
ck_d0935b571a4a3868,0.7011102057445509
ck_97d04a67a104af39,0.725809737217356
ck_e25f70d0b7229420,0.7159299246282338
ck_9b71274ff83de482,0.9833978407007538
ck_6de2aa2bb60978d3,0.3374414341006315
ck_eda55c8fb47593d7,0.3063251171317987
ck_924e572517515f19,0.8754328783866367
ck_d6f27eacbad310f4,0.65237319209615
ck_8550f229b5eb03ab,0.22799959258504787
ck_e3e95546a84d0ed8,0.4011509472397637
ck_3135c019696ee6af,0.9693420248523121
ck_41ba315d8fccb559,0.3624974536565492
ck_72b86e4485da2d0f,0.990120187410878
ck_daaa995f3c2f0e47,0.6186086779384803
ck_053746067839696b,0.3392748013852108
ck_a15fe7d0f4b65c33,0.9245263801181504
ck_15de11438732bb05,0.283968221633734
ck_2c4d25acbe3fabd9,0.5911081686697902
ck_7f08078908599bd2,0.8639234059889997
ck_e794741742fb2619,0.7481157058464045
ck_238e53b6dee8c301,0.26965777144021186
ck_53a6a33060d5c8b8,0.12950702790792423
ck_0e0919292ad33472,0.9428600529639438
ck_d86ccf148c06c8c8,0.7220920757791811
ck_c881f26c9bf9ae42,0.936952536158077
ck_4b0947bf94e9d847,0.7522917091057242
ck_e10ff5c38bd18470,0.4124567121613363
ck_b60de9e97aad9e45,0.9546750865756773
ck_190bc849e5ff5401,0.5165003055612141
ck_e7be077aa0b2632c,0.10653900998166634
ck_a51abde881ebeff3,0.657924220818904
ck_2208392a9f6bd249,0.705540843348951
ck_0259da8f109017e9,0.3458443674882868
ck_05e01ab9c95449da,0.5020370747606437
ck_c82897ebffb6ae66,0.4914952128743125
ck_b4a6bb4689cd7cfa,0.5458851089834997
ck_9e21ea33018ce538,0.3638724791199837
ck_caa348f0e65db062,0.9792218374414341
ck_a964e6b5d8415334,0.9488694235078428
ck_510bfbbee37ff436,0.6369932776532898
ck_9741a82faf5c7889,0.4870136484008963
ck_e7f61b4a39ba98ac,0.09676105113057648
ck_069d158665a53909,0.6576695864738236
ck_6426427efe3228af,0.4833469138317376
ck_ab4a8d02ec3c0fd7,0.05856589936850683
ck_aefa0d8d933e0eca,0.6723365247504584
ck_232325ef6bce92f1,0.40721124465267877
ck_14e58c3fb26a2b4d,0.23828682012629865
ck_06e73afdec26aecc,0.8803218578121816
ck_3168f4f2778d64e1,0.5278060704827867
ck_ff3998d6858daa21,0.12589122020778162
ck_bccff46fb0868454,0.8512935424730088
ck_c7d444d90fa86d7c,0.9459156651049094
ck_f0bc3bdee6bfbb94,0.33856182521898553
ck_f7112818a6d81422,0.8753310246486046
ck_aca35dbcb835ad02,0.729170910572418
ck_f637fabf0f60528f,0.4634854349154614
ck_53d17ab97de1ac3e,0.14208596455489916
ck_c8c1bf16d9113493,0.7728661641882257
ck_e842fb0cf055a83b,0.823996740680383
ck_93c0cb3dac4891fe,0.2278977388470157
ck_0c1f088e17e46daf,0.3255245467508658
ck_8f4b384955bf57c9,0.47229578325524546
ck_09cd5c4df1e81ac2,0.8889794255449175
ck_1e832a5b2342554f,0.7342635974740273
ck_2cb763a881aee27f,0.2169993888775718
ck_5875828b11406398,0.6083723772662457
ck_48e84b0cb0b90fa7,0.40960480749643513
ck_833688de8629c5c0,0.05607048278671827
ck_117d78ccd5820f36,0.5438989610918721
ck_668ec61c4c39cae3,0.2141474842126706
ck_73a7794b659d7a34,0.10282134854349155
ck_10f90d879209734f,0.4724485638622937
ck_d1d079913aa158bf,0.20243430433896925
ck_01c631b38e8a9535,0.3034222855978814
ck_f6923088c17a04e2,0.7908433489509065
ck_b447badc9138987d,0.08066816052149114
ck_8b772caed8f1541c,0.3742106335302505
ck_5403c76fe68a08ba,0.9255958443674883
ck_3e6833574edf1736,0.7122631900590752
ck_e527fbb9450a4581,0.9684253412100224
ck_cc90e219f1ebf390,0.05887146058260338
